source_row,fold,model,calibration,actual,predicted,confidence,correct,probability_adelie,probability_chinstrap,probability_gentoo
2,3,knn,sigmoid,Adelie,Adelie,0.957316,True,0.957316,0.021926,0.020758
3,5,knn,sigmoid,Adelie,Adelie,0.954884,True,0.954884,0.025801,0.019315
4,4,knn,sigmoid,Adelie,Adelie,0.947641,True,0.947641,0.028947,0.023412
5,3,knn,sigmoid,Adelie,Chinstrap,0.613787,False,0.188027,0.613787,0.198186
6,5,knn,sigmoid,Adelie,Adelie,0.954884,True,0.954884,0.025801,0.019315
7,5,knn,sigmoid,Adelie,Adelie,0.954884,True,0.954884,0.025801,0.019315
8,1,knn,sigmoid,Adelie,Adelie,0.94834,True,0.94834,0.029998,0.021662
9,1,knn,sigmoid,Adelie,Adelie,0.94834,True,0.94834,0.029998,0.021662
10,1,knn,sigmoid,Adelie,Adelie,0.94834,True,0.94834,0.029998,0.021662
11,1,knn,sigmoid,Adelie,Adelie,0.94834,True,0.94834,0.029998,0.021662
12,5,knn,sigmoid,Adelie,Adelie,0.954884,True,0.954884,0.025801,0.019315
13,5,knn,sigmoid,Adelie,Adelie,0.954884,True,0.954884,0.025801,0.019315
14,4,knn,sigmoid,Adelie,Adelie,0.913724,True,0.913724,0.062283,0.023993
15,1,knn,sigmoid,Adelie,Adelie,0.94834,True,0.94834,0.029998,0.021662
16,3,knn,sigmoid,Adelie,Adelie,0.957316,True,0.957316,0.021926,0.020758
17,1,knn,sigmoid,Adelie,Adelie,0.94834,True,0.94834,0.029998,0.021662
18,3,knn,sigmoid,Adelie,Adelie,0.957316,True,0.957316,0.021926,0.020758
19,1,knn,sigmoid,Adelie,Adelie,0.94834,True,0.94834,0.029998,0.021662
20,5,knn,sigmoid,Adelie,Adelie,0.954884,True,0.954884,0.025801,0.019315
21,4,knn,sigmoid,Adelie,Adelie,0.882856,True,0.882856,0.093007,0.024138
22,4,knn,sigmoid,Adelie,Adelie,0.947641,True,0.947641,0.028947,0.023412
23,2,knn,sigmoid,Adelie,Adelie,0.951347,True,0.951347,0.028716,0.019937
24,2,knn,sigmoid,Adelie,Adelie,0.951347,True,0.951347,0.028716,0.019937
25,3,knn,sigmoid,Adelie,Adelie,0.957316,True,0.957316,0.021926,0.020758
26,2,knn,sigmoid,Adelie,Adelie,0.951347,True,0.951347,0.028716,0.019937
27,5,knn,sigmoid,Adelie,Adelie,0.954884,True,0.954884,0.025801,0.019315
28,2,knn,sigmoid,Adelie,Adelie,0.951347,True,0.951347,0.028716,0.019937
29,3,knn,sigmoid,Adelie,Adelie,0.957316,True,0.957316,0.021926,0.020758
30,4,knn,sigmoid,Adelie,Adelie,0.947641,True,0.947641,0.028947,0.023412
31,2,knn,sigmoid,Adelie,Adelie,0.951347,True,0.951347,0.028716,0.019937
32,3,knn,sigmoid,Adelie,Adelie,0.91426,True,0.91426,0.064603,0.021138
33,1,knn,sigmoid,Adelie,Adelie,0.94834,True,0.94834,0.029998,0.021662
34,1,knn,sigmoid,Adelie,Adelie,0.94834,True,0.94834,0.029998,0.021662
35,2,knn,sigmoid,Adelie,Adelie,0.951347,True,0.951347,0.028716,0.019937
36,3,knn,sigmoid,Adelie,Adelie,0.957316,True,0.957316,0.021926,0.020758
37,1,knn,sigmoid,Adelie,Adelie,0.94834,True,0.94834,0.029998,0.021662
38,5,knn,sigmoid,Adelie,Adelie,0.954884,True,0.954884,0.025801,0.019315
39,4,knn,sigmoid,Adelie,Adelie,0.947641,True,0.947641,0.028947,0.023412
40,2,knn,sigmoid,Adelie,Adelie,0.951347,True,0.951347,0.028716,0.019937
41,1,knn,sigmoid,Adelie,Adelie,0.94834,True,0.94834,0.029998,0.021662
42,5,knn,sigmoid,Adelie,Adelie,0.954884,True,0.954884,0.025801,0.019315
43,5,knn,sigmoid,Adelie,Adelie,0.954884,True,0.954884,0.025801,0.019315
44,1,knn,sigmoid,Adelie,Adelie,0.94834,True,0.94834,0.029998,0.021662
45,2,knn,sigmoid,Adelie,Adelie,0.863503,True,0.863503,0.115933,0.020564
46,2,knn,sigmoid,Adelie,Adelie,0.951347,True,0.951347,0.028716,0.019937
47,5,knn,sigmoid,Adelie,Adelie,0.954884,True,0.954884,0.025801,0.019315
48,4,knn,sigmoid,Adelie,Adelie,0.947641,True,0.947641,0.028947,0.023412
49,1,knn,sigmoid,Adelie,Adelie,0.94834,True,0.94834,0.029998,0.021662
50,1,knn,sigmoid,Adelie,Adelie,0.94834,True,0.94834,0.029998,0.021662
51,5,knn,sigmoid,Adelie,Adelie,0.954884,True,0.954884,0.025801,0.019315
52,4,knn,sigmoid,Adelie,Adelie,0.947641,True,0.947641,0.028947,0.023412
53,3,knn,sigmoid,Adelie,Adelie,0.957316,True,0.957316,0.021926,0.020758
54,5,knn,sigmoid,Adelie,Adelie,0.954884,True,0.954884,0.025801,0.019315
55,3,knn,sigmoid,Adelie,Adelie,0.957316,True,0.957316,0.021926,0.020758
56,4,knn,sigmoid,Adelie,Adelie,0.947641,True,0.947641,0.028947,0.023412
57,4,knn,sigmoid,Adelie,Adelie,0.947641,True,0.947641,0.028947,0.023412
58,1,knn,sigmoid,Adelie,Adelie,0.94834,True,0.94834,0.029998,0.021662
59,1,knn,sigmoid,Adelie,Adelie,0.94834,True,0.94834,0.029998,0.021662
60,3,knn,sigmoid,Adelie,Adelie,0.957316,True,0.957316,0.021926,0.020758
61,4,knn,sigmoid,Adelie,Adelie,0.947641,True,0.947641,0.028947,0.023412
62,1,knn,sigmoid,Adelie,Adelie,0.94834,True,0.94834,0.029998,0.021662
63,2,knn,sigmoid,Adelie,Adelie,0.951347,True,0.951347,0.028716,0.019937
64,2,knn,sigmoid,Adelie,Adelie,0.951347,True,0.951347,0.028716,0.019937
65,3,knn,sigmoid,Adelie,Adelie,0.957316,True,0.957316,0.021926,0.020758
66,4,knn,sigmoid,Adelie,Adelie,0.947641,True,0.947641,0.028947,0.023412
67,1,knn,sigmoid,Adelie,Adelie,0.94834,True,0.94834,0.029998,0.021662
68,1,knn,sigmoid,Adelie,Adelie,0.94834,True,0.94834,0.029998,0.021662
69,4,knn,sigmoid,Adelie,Adelie,0.947641,True,0.947641,0.028947,0.023412
70,2,knn,sigmoid,Adelie,Adelie,0.951347,True,0.951347,0.028716,0.019937
71,5,knn,sigmoid,Adelie,Adelie,0.954884,True,0.954884,0.025801,0.019315
72,5,knn,sigmoid,Adelie,Adelie,0.954884,True,0.954884,0.025801,0.019315
73,2,knn,sigmoid,Adelie,Adelie,0.951347,True,0.951347,0.028716,0.019937
74,4,knn,sigmoid,Adelie,Adelie,0.947641,True,0.947641,0.028947,0.023412
75,4,knn,sigmoid,Adelie,Chinstrap,0.813511,False,0.16044,0.813511,0.02605
76,3,knn,sigmoid,Adelie,Adelie,0.957316,True,0.957316,0.021926,0.020758
77,2,knn,sigmoid,Adelie,Adelie,0.912194,True,0.912194,0.067505,0.020302
78,5,knn,sigmoid,Adelie,Adelie,0.807064,True,0.807064,0.172734,0.020202
79,4,knn,sigmoid,Adelie,Adelie,0.947641,True,0.947641,0.028947,0.023412
80,3,knn,sigmoid,Adelie,Adelie,0.957316,True,0.957316,0.021926,0.020758
81,3,knn,sigmoid,Adelie,Adelie,0.957316,True,0.957316,0.021926,0.020758
82,3,knn,sigmoid,Adelie,Adelie,0.957316,True,0.957316,0.021926,0.020758
83,2,knn,sigmoid,Adelie,Adelie,0.522507,True,0.522507,0.390429,0.087065
84,1,knn,sigmoid,Adelie,Adelie,0.94834,True,0.94834,0.029998,0.021662
85,4,knn,sigmoid,Adelie,Adelie,0.947641,True,0.947641,0.028947,0.023412
86,4,knn,sigmoid,Adelie,Adelie,0.947641,True,0.947641,0.028947,0.023412
87,2,knn,sigmoid,Adelie,Adelie,0.951347,True,0.951347,0.028716,0.019937
88,2,knn,sigmoid,Adelie,Adelie,0.951347,True,0.951347,0.028716,0.019937
89,3,knn,sigmoid,Adelie,Adelie,0.957316,True,0.957316,0.021926,0.020758
90,3,knn,sigmoid,Adelie,Adelie,0.957316,True,0.957316,0.021926,0.020758
91,2,knn,sigmoid,Adelie,Adelie,0.951347,True,0.951347,0.028716,0.019937
92,4,knn,sigmoid,Adelie,Adelie,0.947641,True,0.947641,0.028947,0.023412
93,1,knn,sigmoid,Adelie,Adelie,0.94834,True,0.94834,0.029998,0.021662
94,2,knn,sigmoid,Adelie,Adelie,0.951347,True,0.951347,0.028716,0.019937
95,3,knn,sigmoid,Adelie,Adelie,0.957316,True,0.957316,0.021926,0.020758
96,5,knn,sigmoid,Adelie,Adelie,0.954884,True,0.954884,0.025801,0.019315
97,5,knn,sigmoid,Adelie,Adelie,0.954884,True,0.954884,0.025801,0.019315
98,3,knn,sigmoid,Adelie,Adelie,0.957316,True,0.957316,0.021926,0.020758
99,5,knn,sigmoid,Adelie,Adelie,0.954884,True,0.954884,0.025801,0.019315
100,5,knn,sigmoid,Adelie,Adelie,0.954884,True,0.954884,0.025801,0.019315
101,3,knn,sigmoid,Adelie,Adelie,0.91426,True,0.91426,0.064603,0.021138
102,1,knn,sigmoid,Adelie,Adelie,0.94834,True,0.94834,0.029998,0.021662
103,1,knn,sigmoid,Adelie,Adelie,0.94834,True,0.94834,0.029998,0.021662
104,5,knn,sigmoid,Adelie,Adelie,0.954884,True,0.954884,0.025801,0.019315
105,5,knn,sigmoid,Adelie,Adelie,0.954884,True,0.954884,0.025801,0.019315
106,1,knn,sigmoid,Adelie,Adelie,0.94834,True,0.94834,0.029998,0.021662
107,1,knn,sigmoid,Adelie,Adelie,0.94834,True,0.94834,0.029998,0.021662
108,2,knn,sigmoid,Adelie,Adelie,0.951347,True,0.951347,0.028716,0.019937
109,3,knn,sigmoid,Adelie,Adelie,0.957316,True,0.957316,0.021926,0.020758
110,5,knn,sigmoid,Adelie,Adelie,0.954884,True,0.954884,0.025801,0.019315
111,1,knn,sigmoid,Adelie,Adelie,0.94834,True,0.94834,0.029998,0.021662
112,5,knn,sigmoid,Adelie,Adelie,0.954884,True,0.954884,0.025801,0.019315
113,4,knn,sigmoid,Adelie,Adelie,0.82361,True,0.82361,0.15129,0.0251
114,1,knn,sigmoid,Adelie,Adelie,0.94834,True,0.94834,0.029998,0.021662
115,3,knn,sigmoid,Adelie,Adelie,0.957316,True,0.957316,0.021926,0.020758
116,2,knn,sigmoid,Adelie,Adelie,0.951347,True,0.951347,0.028716,0.019937
117,4,knn,sigmoid,Adelie,Adelie,0.900011,True,0.900011,0.076253,0.023737
118,2,knn,sigmoid,Adelie,Adelie,0.951347,True,0.951347,0.028716,0.019937
119,4,knn,sigmoid,Adelie,Adelie,0.947641,True,0.947641,0.028947,0.023412
120,2,knn,sigmoid,Adelie,Adelie,0.951347,True,0.951347,0.028716,0.019937
121,4,knn,sigmoid,Adelie,Adelie,0.947641,True,0.947641,0.028947,0.023412
122,2,knn,sigmoid,Adelie,Adelie,0.951347,True,0.951347,0.028716,0.019937
123,5,knn,sigmoid,Adelie,Adelie,0.954884,True,0.954884,0.025801,0.019315
124,3,knn,sigmoid,Adelie,Adelie,0.937016,True,0.937016,0.042252,0.020733
125,2,knn,sigmoid,Adelie,Adelie,0.951347,True,0.951347,0.028716,0.019937
126,3,knn,sigmoid,Adelie,Adelie,0.957316,True,0.957316,0.021926,0.020758
127,2,knn,sigmoid,Adelie,Adelie,0.951347,True,0.951347,0.028716,0.019937
128,2,knn,sigmoid,Adelie,Adelie,0.951347,True,0.951347,0.028716,0.019937
129,3,knn,sigmoid,Adelie,Adelie,0.957316,True,0.957316,0.021926,0.020758
130,2,knn,sigmoid,Adelie,Adelie,0.951347,True,0.951347,0.028716,0.019937
131,3,knn,sigmoid,Adelie,Adelie,0.441202,True,0.441202,0.342503,0.216295
132,1,knn,sigmoid,Adelie,Adelie,0.94834,True,0.94834,0.029998,0.021662
133,2,knn,sigmoid,Adelie,Adelie,0.951347,True,0.951347,0.028716,0.019937
134,5,knn,sigmoid,Adelie,Adelie,0.954884,True,0.954884,0.025801,0.019315
135,5,knn,sigmoid,Adelie,Adelie,0.954884,True,0.954884,0.025801,0.019315
136,2,knn,sigmoid,Adelie,Adelie,0.951347,True,0.951347,0.028716,0.019937
137,5,knn,sigmoid,Adelie,Adelie,0.824225,True,0.824225,0.155846,0.01993
138,1,knn,sigmoid,Adelie,Adelie,0.94834,True,0.94834,0.029998,0.021662
139,2,knn,sigmoid,Adelie,Adelie,0.951347,True,0.951347,0.028716,0.019937
140,5,knn,sigmoid,Adelie,Adelie,0.954884,True,0.954884,0.025801,0.019315
141,4,knn,sigmoid,Adelie,Adelie,0.947641,True,0.947641,0.028947,0.023412
142,4,knn,sigmoid,Adelie,Adelie,0.947641,True,0.947641,0.028947,0.023412
143,4,knn,sigmoid,Adelie,Adelie,0.947641,True,0.947641,0.028947,0.023412
144,3,knn,sigmoid,Adelie,Adelie,0.957316,True,0.957316,0.021926,0.020758
145,3,knn,sigmoid,Adelie,Adelie,0.892958,True,0.892958,0.085481,0.021561
146,4,knn,sigmoid,Adelie,Adelie,0.947641,True,0.947641,0.028947,0.023412
147,5,knn,sigmoid,Adelie,Adelie,0.954884,True,0.954884,0.025801,0.019315
148,1,knn,sigmoid,Adelie,Adelie,0.94834,True,0.94834,0.029998,0.021662
149,3,knn,sigmoid,Adelie,Adelie,0.957316,True,0.957316,0.021926,0.020758
150,4,knn,sigmoid,Adelie,Adelie,0.947641,True,0.947641,0.028947,0.023412
151,1,knn,sigmoid,Adelie,Adelie,0.94834,True,0.94834,0.029998,0.021662
152,4,knn,sigmoid,Adelie,Adelie,0.947641,True,0.947641,0.028947,0.023412
153,4,knn,sigmoid,Adelie,Adelie,0.947641,True,0.947641,0.028947,0.023412
154,1,knn,sigmoid,Gentoo,Gentoo,0.946323,True,0.024705,0.028971,0.946323
155,2,knn,sigmoid,Gentoo,Gentoo,0.946105,True,0.025924,0.027972,0.946105
156,4,knn,sigmoid,Gentoo,Gentoo,0.948942,True,0.021848,0.02921,0.948942
157,5,knn,sigmoid,Gentoo,Gentoo,0.95362,True,0.021121,0.025259,0.95362
158,2,knn,sigmoid,Gentoo,Gentoo,0.946105,True,0.025924,0.027972,0.946105
159,5,knn,sigmoid,Gentoo,Gentoo,0.95362,True,0.021121,0.025259,0.95362
160,2,knn,sigmoid,Gentoo,Gentoo,0.946105,True,0.025924,0.027972,0.946105
161,2,knn,sigmoid,Gentoo,Gentoo,0.946105,True,0.025924,0.027972,0.946105
162,5,knn,sigmoid,Gentoo,Gentoo,0.95362,True,0.021121,0.025259,0.95362
163,3,knn,sigmoid,Gentoo,Gentoo,0.961692,True,0.016291,0.022018,0.961692
164,1,knn,sigmoid,Gentoo,Gentoo,0.946323,True,0.024705,0.028971,0.946323
165,5,knn,sigmoid,Gentoo,Gentoo,0.95362,True,0.021121,0.025259,0.95362
166,4,knn,sigmoid,Gentoo,Gentoo,0.948942,True,0.021848,0.02921,0.948942
167,4,knn,sigmoid,Gentoo,Gentoo,0.948942,True,0.021848,0.02921,0.948942
168,3,knn,sigmoid,Gentoo,Gentoo,0.961692,True,0.016291,0.022018,0.961692
169,3,knn,sigmoid,Gentoo,Gentoo,0.961692,True,0.016291,0.022018,0.961692
170,5,knn,sigmoid,Gentoo,Gentoo,0.95362,True,0.021121,0.025259,0.95362
171,1,knn,sigmoid,Gentoo,Gentoo,0.946323,True,0.024705,0.028971,0.946323
172,5,knn,sigmoid,Gentoo,Gentoo,0.95362,True,0.021121,0.025259,0.95362
173,5,knn,sigmoid,Gentoo,Gentoo,0.95362,True,0.021121,0.025259,0.95362
174,2,knn,sigmoid,Gentoo,Gentoo,0.946105,True,0.025924,0.027972,0.946105
175,1,knn,sigmoid,Gentoo,Gentoo,0.946323,True,0.024705,0.028971,0.946323
176,1,knn,sigmoid,Gentoo,Gentoo,0.946323,True,0.024705,0.028971,0.946323
177,3,knn,sigmoid,Gentoo,Gentoo,0.961692,True,0.016291,0.022018,0.961692
178,1,knn,sigmoid,Gentoo,Gentoo,0.946323,True,0.024705,0.028971,0.946323
179,3,knn,sigmoid,Gentoo,Gentoo,0.961692,True,0.016291,0.022018,0.961692
180,5,knn,sigmoid,Gentoo,Gentoo,0.95362,True,0.021121,0.025259,0.95362
181,5,knn,sigmoid,Gentoo,Gentoo,0.95362,True,0.021121,0.025259,0.95362
182,1,knn,sigmoid,Gentoo,Gentoo,0.946323,True,0.024705,0.028971,0.946323
183,4,knn,sigmoid,Gentoo,Gentoo,0.948942,True,0.021848,0.02921,0.948942
184,2,knn,sigmoid,Gentoo,Gentoo,0.946105,True,0.025924,0.027972,0.946105
185,2,knn,sigmoid,Gentoo,Gentoo,0.946105,True,0.025924,0.027972,0.946105
186,5,knn,sigmoid,Gentoo,Gentoo,0.95362,True,0.021121,0.025259,0.95362
187,3,knn,sigmoid,Gentoo,Gentoo,0.73574,True,0.017262,0.246998,0.73574
188,3,knn,sigmoid,Gentoo,Gentoo,0.961692,True,0.016291,0.022018,0.961692
189,5,knn,sigmoid,Gentoo,Gentoo,0.95362,True,0.021121,0.025259,0.95362
190,1,knn,sigmoid,Gentoo,Gentoo,0.946323,True,0.024705,0.028971,0.946323
191,5,knn,sigmoid,Gentoo,Chinstrap,0.794427,False,0.145822,0.794427,0.059751
192,5,knn,sigmoid,Gentoo,Gentoo,0.95362,True,0.021121,0.025259,0.95362
193,3,knn,sigmoid,Gentoo,Gentoo,0.961692,True,0.016291,0.022018,0.961692
194,2,knn,sigmoid,Gentoo,Gentoo,0.946105,True,0.025924,0.027972,0.946105
195,4,knn,sigmoid,Gentoo,Gentoo,0.948942,True,0.021848,0.02921,0.948942
196,2,knn,sigmoid,Gentoo,Gentoo,0.946105,True,0.025924,0.027972,0.946105
197,1,knn,sigmoid,Gentoo,Gentoo,0.946323,True,0.024705,0.028971,0.946323
198,3,knn,sigmoid,Gentoo,Gentoo,0.961692,True,0.016291,0.022018,0.961692
199,1,knn,sigmoid,Gentoo,Gentoo,0.946323,True,0.024705,0.028971,0.946323
200,5,knn,sigmoid,Gentoo,Gentoo,0.95362,True,0.021121,0.025259,0.95362
201,2,knn,sigmoid,Gentoo,Gentoo,0.946105,True,0.025924,0.027972,0.946105
202,1,knn,sigmoid,Gentoo,Gentoo,0.946323,True,0.024705,0.028971,0.946323
203,4,knn,sigmoid,Gentoo,Gentoo,0.948942,True,0.021848,0.02921,0.948942
204,2,knn,sigmoid,Gentoo,Gentoo,0.946105,True,0.025924,0.027972,0.946105
205,1,knn,sigmoid,Gentoo,Gentoo,0.946323,True,0.024705,0.028971,0.946323
206,1,knn,sigmoid,Gentoo,Gentoo,0.946323,True,0.024705,0.028971,0.946323
207,1,knn,sigmoid,Gentoo,Gentoo,0.946323,True,0.024705,0.028971,0.946323
208,3,knn,sigmoid,Gentoo,Gentoo,0.961692,True,0.016291,0.022018,0.961692
209,4,knn,sigmoid,Gentoo,Gentoo,0.948942,True,0.021848,0.02921,0.948942
210,5,knn,sigmoid,Gentoo,Gentoo,0.95362,True,0.021121,0.025259,0.95362
211,4,knn,sigmoid,Gentoo,Gentoo,0.948942,True,0.021848,0.02921,0.948942
212,2,knn,sigmoid,Gentoo,Gentoo,0.946105,True,0.025924,0.027972,0.946105
213,4,knn,sigmoid,Gentoo,Gentoo,0.948942,True,0.021848,0.02921,0.948942
214,3,knn,sigmoid,Gentoo,Gentoo,0.961692,True,0.016291,0.022018,0.961692
215,3,knn,sigmoid,Gentoo,Gentoo,0.961692,True,0.016291,0.022018,0.961692
216,4,knn,sigmoid,Gentoo,Gentoo,0.948942,True,0.021848,0.02921,0.948942
217,1,knn,sigmoid,Gentoo,Gentoo,0.946323,True,0.024705,0.028971,0.946323
218,4,knn,sigmoid,Gentoo,Gentoo,0.948942,True,0.021848,0.02921,0.948942
219,3,knn,sigmoid,Gentoo,Gentoo,0.940256,True,0.016326,0.043418,0.940256
220,3,knn,sigmoid,Gentoo,Gentoo,0.961692,True,0.016291,0.022018,0.961692
221,4,knn,sigmoid,Gentoo,Gentoo,0.948942,True,0.021848,0.02921,0.948942
222,4,knn,sigmoid,Gentoo,Gentoo,0.948942,True,0.021848,0.02921,0.948942
223,3,knn,sigmoid,Gentoo,Gentoo,0.961692,True,0.016291,0.022018,0.961692
224,4,knn,sigmoid,Gentoo,Gentoo,0.948942,True,0.021848,0.02921,0.948942
225,1,knn,sigmoid,Gentoo,Gentoo,0.946323,True,0.024705,0.028971,0.946323
226,2,knn,sigmoid,Gentoo,Gentoo,0.946105,True,0.025924,0.027972,0.946105
227,1,knn,sigmoid,Gentoo,Gentoo,0.946323,True,0.024705,0.028971,0.946323
228,4,knn,sigmoid,Gentoo,Gentoo,0.948942,True,0.021848,0.02921,0.948942
229,3,knn,sigmoid,Gentoo,Gentoo,0.961692,True,0.016291,0.022018,0.961692
230,5,knn,sigmoid,Gentoo,Gentoo,0.95362,True,0.021121,0.025259,0.95362
231,3,knn,sigmoid,Gentoo,Gentoo,0.961692,True,0.016291,0.022018,0.961692
232,5,knn,sigmoid,Gentoo,Gentoo,0.95362,True,0.021121,0.025259,0.95362
233,5,knn,sigmoid,Gentoo,Chinstrap,0.678228,False,0.024332,0.678228,0.297439
234,4,knn,sigmoid,Gentoo,Gentoo,0.948942,True,0.021848,0.02921,0.948942
235,1,knn,sigmoid,Gentoo,Gentoo,0.946323,True,0.024705,0.028971,0.946323
236,5,knn,sigmoid,Gentoo,Gentoo,0.95362,True,0.021121,0.025259,0.95362
237,3,knn,sigmoid,Gentoo,Gentoo,0.961692,True,0.016291,0.022018,0.961692
238,2,knn,sigmoid,Gentoo,Gentoo,0.946105,True,0.025924,0.027972,0.946105
239,4,knn,sigmoid,Gentoo,Gentoo,0.58252,True,0.02364,0.39384,0.58252
240,1,knn,sigmoid,Gentoo,Gentoo,0.946323,True,0.024705,0.028971,0.946323
241,4,knn,sigmoid,Gentoo,Gentoo,0.948942,True,0.021848,0.02921,0.948942
242,3,knn,sigmoid,Gentoo,Gentoo,0.961692,True,0.016291,0.022018,0.961692
243,3,knn,sigmoid,Gentoo,Gentoo,0.84354,True,0.017001,0.139459,0.84354
244,1,knn,sigmoid,Gentoo,Gentoo,0.946323,True,0.024705,0.028971,0.946323
245,4,knn,sigmoid,Gentoo,Gentoo,0.702578,True,0.023339,0.274083,0.702578
246,4,knn,sigmoid,Gentoo,Gentoo,0.948942,True,0.021848,0.02921,0.948942
247,2,knn,sigmoid,Gentoo,Gentoo,0.946105,True,0.025924,0.027972,0.946105
248,1,knn,sigmoid,Gentoo,Gentoo,0.946323,True,0.024705,0.028971,0.946323
249,5,knn,sigmoid,Gentoo,Gentoo,0.95362,True,0.021121,0.025259,0.95362
250,4,knn,sigmoid,Gentoo,Gentoo,0.948942,True,0.021848,0.02921,0.948942
251,4,knn,sigmoid,Gentoo,Gentoo,0.948942,True,0.021848,0.02921,0.948942
252,4,knn,sigmoid,Gentoo,Gentoo,0.948942,True,0.021848,0.02921,0.948942
253,5,knn,sigmoid,Gentoo,Gentoo,0.95362,True,0.021121,0.025259,0.95362
254,2,knn,sigmoid,Gentoo,Gentoo,0.946105,True,0.025924,0.027972,0.946105
255,4,knn,sigmoid,Gentoo,Gentoo,0.915827,True,0.02223,0.061942,0.915827
256,2,knn,sigmoid,Gentoo,Gentoo,0.946105,True,0.025924,0.027972,0.946105
257,5,knn,sigmoid,Gentoo,Gentoo,0.95362,True,0.021121,0.025259,0.95362
258,5,knn,sigmoid,Gentoo,Gentoo,0.95362,True,0.021121,0.025259,0.95362
259,1,knn,sigmoid,Gentoo,Gentoo,0.64532,True,0.027687,0.326993,0.64532
260,3,knn,sigmoid,Gentoo,Gentoo,0.961692,True,0.016291,0.022018,0.961692
261,3,knn,sigmoid,Gentoo,Gentoo,0.961692,True,0.016291,0.022018,0.961692
262,2,knn,sigmoid,Gentoo,Gentoo,0.946105,True,0.025924,0.027972,0.946105
263,2,knn,sigmoid,Gentoo,Gentoo,0.946105,True,0.025924,0.027972,0.946105
264,3,knn,sigmoid,Gentoo,Gentoo,0.961692,True,0.016291,0.022018,0.961692
265,2,knn,sigmoid,Gentoo,Gentoo,0.946105,True,0.025924,0.027972,0.946105
266,4,knn,sigmoid,Gentoo,Gentoo,0.948942,True,0.021848,0.02921,0.948942
267,3,knn,sigmoid,Gentoo,Gentoo,0.961692,True,0.016291,0.022018,0.961692
268,3,knn,sigmoid,Gentoo,Gentoo,0.961692,True,0.016291,0.022018,0.961692
269,2,knn,sigmoid,Gentoo,Gentoo,0.946105,True,0.025924,0.027972,0.946105
270,1,knn,sigmoid,Gentoo,Gentoo,0.946323,True,0.024705,0.028971,0.946323
271,2,knn,sigmoid,Gentoo,Gentoo,0.909167,True,0.026476,0.064357,0.909167
272,2,knn,sigmoid,Gentoo,Gentoo,0.946105,True,0.025924,0.027972,0.946105
273,2,knn,sigmoid,Gentoo,Chinstrap,0.647417,False,0.270974,0.647417,0.081608
274,1,knn,sigmoid,Gentoo,Gentoo,0.946323,True,0.024705,0.028971,0.946323
275,5,knn,sigmoid,Gentoo,Gentoo,0.95362,True,0.021121,0.025259,0.95362
276,5,knn,sigmoid,Gentoo,Gentoo,0.95362,True,0.021121,0.025259,0.95362
277,1,knn,sigmoid,Gentoo,Gentoo,0.946323,True,0.024705,0.028971,0.946323
278,3,knn,sigmoid,Chinstrap,Chinstrap,0.962275,True,0.016419,0.962275,0.021306
279,1,knn,sigmoid,Chinstrap,Chinstrap,0.952385,True,0.02564,0.952385,0.021975
280,3,knn,sigmoid,Chinstrap,Chinstrap,0.962275,True,0.016419,0.962275,0.021306
281,3,knn,sigmoid,Chinstrap,Chinstrap,0.837165,True,0.139014,0.837165,0.023821
282,3,knn,sigmoid,Chinstrap,Chinstrap,0.962275,True,0.016419,0.962275,0.021306
283,2,knn,sigmoid,Chinstrap,Chinstrap,0.765267,True,0.213316,0.765267,0.021417
284,5,knn,sigmoid,Chinstrap,Chinstrap,0.931175,True,0.049357,0.931175,0.019468
285,3,knn,sigmoid,Chinstrap,Chinstrap,0.962275,True,0.016419,0.962275,0.021306
286,4,knn,sigmoid,Chinstrap,Chinstrap,0.925744,True,0.049459,0.925744,0.024797
287,4,knn,sigmoid,Chinstrap,Chinstrap,0.95337,True,0.02248,0.95337,0.02415
288,4,knn,sigmoid,Chinstrap,Chinstrap,0.95337,True,0.02248,0.95337,0.02415
289,2,knn,sigmoid,Chinstrap,Chinstrap,0.952641,True,0.027071,0.952641,0.020288
290,1,knn,sigmoid,Chinstrap,Chinstrap,0.952385,True,0.02564,0.952385,0.021975
291,4,knn,sigmoid,Chinstrap,Chinstrap,0.95337,True,0.02248,0.95337,0.02415
292,2,knn,sigmoid,Chinstrap,Chinstrap,0.8106,True,0.107759,0.8106,0.081641
293,5,knn,sigmoid,Chinstrap,Chinstrap,0.959195,True,0.021424,0.959195,0.019381
294,3,knn,sigmoid,Chinstrap,Chinstrap,0.962275,True,0.016419,0.962275,0.021306
295,1,knn,sigmoid,Chinstrap,Gentoo,0.607561,False,0.025208,0.367231,0.607561
296,3,knn,sigmoid,Chinstrap,Chinstrap,0.930075,True,0.047142,0.930075,0.022784
297,1,knn,sigmoid,Chinstrap,Chinstrap,0.952385,True,0.02564,0.952385,0.021975
298,3,knn,sigmoid,Chinstrap,Adelie,0.649626,False,0.649626,0.274459,0.075915
299,2,knn,sigmoid,Chinstrap,Chinstrap,0.952641,True,0.027071,0.952641,0.020288
300,2,knn,sigmoid,Chinstrap,Chinstrap,0.664373,True,0.119251,0.664373,0.216376
301,5,knn,sigmoid,Chinstrap,Chinstrap,0.959195,True,0.021424,0.959195,0.019381
302,1,knn,sigmoid,Chinstrap,Chinstrap,0.925208,True,0.025775,0.925208,0.049017
303,5,knn,sigmoid,Chinstrap,Chinstrap,0.959195,True,0.021424,0.959195,0.019381
304,1,knn,sigmoid,Chinstrap,Chinstrap,0.952385,True,0.02564,0.952385,0.021975
305,2,knn,sigmoid,Chinstrap,Chinstrap,0.952641,True,0.027071,0.952641,0.020288
306,5,knn,sigmoid,Chinstrap,Chinstrap,0.959195,True,0.021424,0.959195,0.019381
307,1,knn,sigmoid,Chinstrap,Chinstrap,0.952385,True,0.02564,0.952385,0.021975
308,4,knn,sigmoid,Chinstrap,Adelie,0.851293,False,0.851293,0.124131,0.024575
309,5,knn,sigmoid,Chinstrap,Chinstrap,0.959195,True,0.021424,0.959195,0.019381
310,4,knn,sigmoid,Chinstrap,Chinstrap,0.476717,True,0.444269,0.476717,0.079014
311,2,knn,sigmoid,Chinstrap,Chinstrap,0.952641,True,0.027071,0.952641,0.020288
312,2,knn,sigmoid,Chinstrap,Chinstrap,0.952641,True,0.027071,0.952641,0.020288
313,4,knn,sigmoid,Chinstrap,Chinstrap,0.812447,True,0.024217,0.812447,0.163336
314,1,knn,sigmoid,Chinstrap,Chinstrap,0.952385,True,0.02564,0.952385,0.021975
315,5,knn,sigmoid,Chinstrap,Chinstrap,0.959195,True,0.021424,0.959195,0.019381
316,5,knn,sigmoid,Chinstrap,Chinstrap,0.895147,True,0.022511,0.895147,0.082341
317,2,knn,sigmoid,Chinstrap,Chinstrap,0.952641,True,0.027071,0.952641,0.020288
318,4,knn,sigmoid,Chinstrap,Chinstrap,0.95337,True,0.02248,0.95337,0.02415
319,1,knn,sigmoid,Chinstrap,Chinstrap,0.859241,True,0.060635,0.859241,0.080124
320,4,knn,sigmoid,Chinstrap,Chinstrap,0.95337,True,0.02248,0.95337,0.02415
321,2,knn,sigmoid,Chinstrap,Chinstrap,0.65477,True,0.11028,0.65477,0.234949
322,3,knn,sigmoid,Chinstrap,Chinstrap,0.924582,True,0.016912,0.924582,0.058506
323,5,knn,sigmoid,Chinstrap,Chinstrap,0.959195,True,0.021424,0.959195,0.019381
324,4,knn,sigmoid,Chinstrap,Chinstrap,0.95337,True,0.02248,0.95337,0.02415
325,2,knn,sigmoid,Chinstrap,Chinstrap,0.952641,True,0.027071,0.952641,0.020288
326,5,knn,sigmoid,Chinstrap,Chinstrap,0.959195,True,0.021424,0.959195,0.019381
327,3,knn,sigmoid,Chinstrap,Chinstrap,0.639969,True,0.018339,0.639969,0.341692
328,5,knn,sigmoid,Chinstrap,Gentoo,0.792091,False,0.021606,0.186302,0.792091
329,3,knn,sigmoid,Chinstrap,Chinstrap,0.962275,True,0.016419,0.962275,0.021306
330,3,knn,sigmoid,Chinstrap,Chinstrap,0.917123,True,0.016973,0.917123,0.065904
331,3,knn,sigmoid,Chinstrap,Chinstrap,0.962275,True,0.016419,0.962275,0.021306
332,1,knn,sigmoid,Chinstrap,Adelie,0.715756,False,0.715756,0.22776,0.056484
333,4,knn,sigmoid,Chinstrap,Chinstrap,0.95337,True,0.02248,0.95337,0.02415
334,1,knn,sigmoid,Chinstrap,Chinstrap,0.837665,True,0.06097,0.837665,0.101365
335,4,knn,sigmoid,Chinstrap,Chinstrap,0.95337,True,0.02248,0.95337,0.02415
336,5,knn,sigmoid,Chinstrap,Chinstrap,0.959195,True,0.021424,0.959195,0.019381
337,3,knn,sigmoid,Chinstrap,Adelie,0.746871,False,0.746871,0.230493,0.022636
338,5,knn,sigmoid,Chinstrap,Chinstrap,0.959195,True,0.021424,0.959195,0.019381
339,4,knn,sigmoid,Chinstrap,Chinstrap,0.720943,True,0.024897,0.720943,0.25416
340,2,knn,sigmoid,Chinstrap,Chinstrap,0.8106,True,0.107759,0.8106,0.081641
341,2,knn,sigmoid,Chinstrap,Chinstrap,0.952641,True,0.027071,0.952641,0.020288
342,1,knn,sigmoid,Chinstrap,Adelie,0.928375,False,0.928375,0.04991,0.021715
343,4,knn,sigmoid,Chinstrap,Chinstrap,0.95337,True,0.02248,0.95337,0.02415
344,2,knn,sigmoid,Chinstrap,Chinstrap,0.952641,True,0.027071,0.952641,0.020288
345,1,knn,sigmoid,Chinstrap,Chinstrap,0.952385,True,0.02564,0.952385,0.021975
2,3,knn,uncalibrated,Adelie,Adelie,1.0,True,1.0,0.0,0.0
3,5,knn,uncalibrated,Adelie,Adelie,1.0,True,1.0,0.0,0.0
4,4,knn,uncalibrated,Adelie,Adelie,1.0,True,1.0,0.0,0.0
5,3,knn,uncalibrated,Adelie,Chinstrap,0.4,False,0.2,0.4,0.4
6,5,knn,uncalibrated,Adelie,Adelie,1.0,True,1.0,0.0,0.0
7,5,knn,uncalibrated,Adelie,Adelie,1.0,True,1.0,0.0,0.0
8,1,knn,uncalibrated,Adelie,Adelie,1.0,True,1.0,0.0,0.0
9,1,knn,uncalibrated,Adelie,Adelie,1.0,True,1.0,0.0,0.0
10,1,knn,uncalibrated,Adelie,Adelie,1.0,True,1.0,0.0,0.0
11,1,knn,uncalibrated,Adelie,Adelie,1.0,True,1.0,0.0,0.0
12,5,knn,uncalibrated,Adelie,Adelie,1.0,True,1.0,0.0,0.0
13,5,knn,uncalibrated,Adelie,Adelie,1.0,True,1.0,0.0,0.0
14,4,knn,uncalibrated,Adelie,Adelie,1.0,True,1.0,0.0,0.0
15,1,knn,uncalibrated,Adelie,Adelie,1.0,True,1.0,0.0,0.0
16,3,knn,uncalibrated,Adelie,Adelie,1.0,True,1.0,0.0,0.0
17,1,knn,uncalibrated,Adelie,Adelie,1.0,True,1.0,0.0,0.0
18,3,knn,uncalibrated,Adelie,Adelie,1.0,True,1.0,0.0,0.0
19,1,knn,uncalibrated,Adelie,Adelie,1.0,True,1.0,0.0,0.0
20,5,knn,uncalibrated,Adelie,Adelie,1.0,True,1.0,0.0,0.0
21,4,knn,uncalibrated,Adelie,Adelie,1.0,True,1.0,0.0,0.0
22,4,knn,uncalibrated,Adelie,Adelie,1.0,True,1.0,0.0,0.0
23,2,knn,uncalibrated,Adelie,Adelie,1.0,True,1.0,0.0,0.0
24,2,knn,uncalibrated,Adelie,Adelie,1.0,True,1.0,0.0,0.0
25,3,knn,uncalibrated,Adelie,Adelie,1.0,True,1.0,0.0,0.0
26,2,knn,uncalibrated,Adelie,Adelie,1.0,True,1.0,0.0,0.0
27,5,knn,uncalibrated,Adelie,Adelie,1.0,True,1.0,0.0,0.0
28,2,knn,uncalibrated,Adelie,Adelie,1.0,True,1.0,0.0,0.0
29,3,knn,uncalibrated,Adelie,Adelie,1.0,True,1.0,0.0,0.0
30,4,knn,uncalibrated,Adelie,Adelie,1.0,True,1.0,0.0,0.0
31,2,knn,uncalibrated,Adelie,Adelie,1.0,True,1.0,0.0,0.0
32,3,knn,uncalibrated,Adelie,Adelie,0.8,True,0.8,0.2,0.0
33,1,knn,uncalibrated,Adelie,Adelie,1.0,True,1.0,0.0,0.0
34,1,knn,uncalibrated,Adelie,Adelie,1.0,True,1.0,0.0,0.0
35,2,knn,uncalibrated,Adelie,Adelie,1.0,True,1.0,0.0,0.0
36,3,knn,uncalibrated,Adelie,Adelie,1.0,True,1.0,0.0,0.0
37,1,knn,uncalibrated,Adelie,Adelie,1.0,True,1.0,0.0,0.0
38,5,knn,uncalibrated,Adelie,Adelie,1.0,True,1.0,0.0,0.0
39,4,knn,uncalibrated,Adelie,Adelie,1.0,True,1.0,0.0,0.0
40,2,knn,uncalibrated,Adelie,Adelie,1.0,True,1.0,0.0,0.0
41,1,knn,uncalibrated,Adelie,Adelie,1.0,True,1.0,0.0,0.0
42,5,knn,uncalibrated,Adelie,Adelie,1.0,True,1.0,0.0,0.0
43,5,knn,uncalibrated,Adelie,Adelie,1.0,True,1.0,0.0,0.0
44,1,knn,uncalibrated,Adelie,Adelie,1.0,True,1.0,0.0,0.0
45,2,knn,uncalibrated,Adelie,Adelie,0.8,True,0.8,0.2,0.0
46,2,knn,uncalibrated,Adelie,Adelie,1.0,True,1.0,0.0,0.0
47,5,knn,uncalibrated,Adelie,Adelie,1.0,True,1.0,0.0,0.0
48,4,knn,uncalibrated,Adelie,Adelie,1.0,True,1.0,0.0,0.0
49,1,knn,uncalibrated,Adelie,Adelie,1.0,True,1.0,0.0,0.0
50,1,knn,uncalibrated,Adelie,Adelie,1.0,True,1.0,0.0,0.0
51,5,knn,uncalibrated,Adelie,Adelie,1.0,True,1.0,0.0,0.0
52,4,knn,uncalibrated,Adelie,Adelie,1.0,True,1.0,0.0,0.0
53,3,knn,uncalibrated,Adelie,Adelie,1.0,True,1.0,0.0,0.0
54,5,knn,uncalibrated,Adelie,Adelie,1.0,True,1.0,0.0,0.0
55,3,knn,uncalibrated,Adelie,Adelie,1.0,True,1.0,0.0,0.0
56,4,knn,uncalibrated,Adelie,Adelie,1.0,True,1.0,0.0,0.0
57,4,knn,uncalibrated,Adelie,Adelie,1.0,True,1.0,0.0,0.0
58,1,knn,uncalibrated,Adelie,Adelie,1.0,True,1.0,0.0,0.0
59,1,knn,uncalibrated,Adelie,Adelie,1.0,True,1.0,0.0,0.0
60,3,knn,uncalibrated,Adelie,Adelie,1.0,True,1.0,0.0,0.0
61,4,knn,uncalibrated,Adelie,Adelie,1.0,True,1.0,0.0,0.0
62,1,knn,uncalibrated,Adelie,Adelie,1.0,True,1.0,0.0,0.0
63,2,knn,uncalibrated,Adelie,Adelie,1.0,True,1.0,0.0,0.0
64,2,knn,uncalibrated,Adelie,Adelie,1.0,True,1.0,0.0,0.0
65,3,knn,uncalibrated,Adelie,Adelie,1.0,True,1.0,0.0,0.0
66,4,knn,uncalibrated,Adelie,Adelie,1.0,True,1.0,0.0,0.0
67,1,knn,uncalibrated,Adelie,Adelie,1.0,True,1.0,0.0,0.0
68,1,knn,uncalibrated,Adelie,Adelie,1.0,True,1.0,0.0,0.0
69,4,knn,uncalibrated,Adelie,Adelie,1.0,True,1.0,0.0,0.0
70,2,knn,uncalibrated,Adelie,Adelie,1.0,True,1.0,0.0,0.0
71,5,knn,uncalibrated,Adelie,Adelie,1.0,True,1.0,0.0,0.0
72,5,knn,uncalibrated,Adelie,Adelie,1.0,True,1.0,0.0,0.0
73,2,knn,uncalibrated,Adelie,Adelie,1.0,True,1.0,0.0,0.0
74,4,knn,uncalibrated,Adelie,Adelie,1.0,True,1.0,0.0,0.0
75,4,knn,uncalibrated,Adelie,Chinstrap,1.0,False,0.0,1.0,0.0
76,3,knn,uncalibrated,Adelie,Adelie,1.0,True,1.0,0.0,0.0
77,2,knn,uncalibrated,Adelie,Adelie,0.8,True,0.8,0.2,0.0
78,5,knn,uncalibrated,Adelie,Adelie,0.8,True,0.8,0.2,0.0
79,4,knn,uncalibrated,Adelie,Adelie,1.0,True,1.0,0.0,0.0
80,3,knn,uncalibrated,Adelie,Adelie,1.0,True,1.0,0.0,0.0
81,3,knn,uncalibrated,Adelie,Adelie,1.0,True,1.0,0.0,0.0
82,3,knn,uncalibrated,Adelie,Adelie,1.0,True,1.0,0.0,0.0
83,2,knn,uncalibrated,Adelie,Chinstrap,0.6,False,0.4,0.6,0.0
84,1,knn,uncalibrated,Adelie,Adelie,1.0,True,1.0,0.0,0.0
85,4,knn,uncalibrated,Adelie,Adelie,1.0,True,1.0,0.0,0.0
86,4,knn,uncalibrated,Adelie,Adelie,1.0,True,1.0,0.0,0.0
87,2,knn,uncalibrated,Adelie,Adelie,1.0,True,1.0,0.0,0.0
88,2,knn,uncalibrated,Adelie,Adelie,1.0,True,1.0,0.0,0.0
89,3,knn,uncalibrated,Adelie,Adelie,1.0,True,1.0,0.0,0.0
90,3,knn,uncalibrated,Adelie,Adelie,1.0,True,1.0,0.0,0.0
91,2,knn,uncalibrated,Adelie,Adelie,1.0,True,1.0,0.0,0.0
92,4,knn,uncalibrated,Adelie,Adelie,1.0,True,1.0,0.0,0.0
93,1,knn,uncalibrated,Adelie,Adelie,1.0,True,1.0,0.0,0.0
94,2,knn,uncalibrated,Adelie,Adelie,1.0,True,1.0,0.0,0.0
95,3,knn,uncalibrated,Adelie,Adelie,1.0,True,1.0,0.0,0.0
96,5,knn,uncalibrated,Adelie,Adelie,1.0,True,1.0,0.0,0.0
97,5,knn,uncalibrated,Adelie,Adelie,1.0,True,1.0,0.0,0.0
98,3,knn,uncalibrated,Adelie,Adelie,1.0,True,1.0,0.0,0.0
99,5,knn,uncalibrated,Adelie,Adelie,1.0,True,1.0,0.0,0.0
100,5,knn,uncalibrated,Adelie,Adelie,1.0,True,1.0,0.0,0.0
101,3,knn,uncalibrated,Adelie,Adelie,0.8,True,0.8,0.2,0.0
102,1,knn,uncalibrated,Adelie,Adelie,1.0,True,1.0,0.0,0.0
103,1,knn,uncalibrated,Adelie,Adelie,1.0,True,1.0,0.0,0.0
104,5,knn,uncalibrated,Adelie,Adelie,1.0,True,1.0,0.0,0.0
105,5,knn,uncalibrated,Adelie,Adelie,1.0,True,1.0,0.0,0.0
106,1,knn,uncalibrated,Adelie,Adelie,1.0,True,1.0,0.0,0.0
107,1,knn,uncalibrated,Adelie,Adelie,1.0,True,1.0,0.0,0.0
108,2,knn,uncalibrated,Adelie,Adelie,1.0,True,1.0,0.0,0.0
109,3,knn,uncalibrated,Adelie,Adelie,1.0,True,1.0,0.0,0.0
110,5,knn,uncalibrated,Adelie,Adelie,1.0,True,1.0,0.0,0.0
111,1,knn,uncalibrated,Adelie,Adelie,1.0,True,1.0,0.0,0.0
112,5,knn,uncalibrated,Adelie,Adelie,1.0,True,1.0,0.0,0.0
113,4,knn,uncalibrated,Adelie,Adelie,0.6,True,0.6,0.4,0.0
114,1,knn,uncalibrated,Adelie,Adelie,1.0,True,1.0,0.0,0.0
115,3,knn,uncalibrated,Adelie,Adelie,1.0,True,1.0,0.0,0.0
116,2,knn,uncalibrated,Adelie,Adelie,1.0,True,1.0,0.0,0.0
117,4,knn,uncalibrated,Adelie,Adelie,0.8,True,0.8,0.2,0.0
118,2,knn,uncalibrated,Adelie,Adelie,1.0,True,1.0,0.0,0.0
119,4,knn,uncalibrated,Adelie,Adelie,1.0,True,1.0,0.0,0.0
120,2,knn,uncalibrated,Adelie,Adelie,1.0,True,1.0,0.0,0.0
121,4,knn,uncalibrated,Adelie,Adelie,1.0,True,1.0,0.0,0.0
122,2,knn,uncalibrated,Adelie,Adelie,1.0,True,1.0,0.0,0.0
123,5,knn,uncalibrated,Adelie,Adelie,1.0,True,1.0,0.0,0.0
124,3,knn,uncalibrated,Adelie,Adelie,1.0,True,1.0,0.0,0.0
125,2,knn,uncalibrated,Adelie,Adelie,1.0,True,1.0,0.0,0.0
126,3,knn,uncalibrated,Adelie,Adelie,1.0,True,1.0,0.0,0.0
127,2,knn,uncalibrated,Adelie,Adelie,1.0,True,1.0,0.0,0.0
128,2,knn,uncalibrated,Adelie,Adelie,1.0,True,1.0,0.0,0.0
129,3,knn,uncalibrated,Adelie,Adelie,1.0,True,1.0,0.0,0.0
130,2,knn,uncalibrated,Adelie,Adelie,1.0,True,1.0,0.0,0.0
131,3,knn,uncalibrated,Adelie,Adelie,0.6,True,0.6,0.4,0.0
132,1,knn,uncalibrated,Adelie,Adelie,1.0,True,1.0,0.0,0.0
133,2,knn,uncalibrated,Adelie,Adelie,1.0,True,1.0,0.0,0.0
134,5,knn,uncalibrated,Adelie,Adelie,1.0,True,1.0,0.0,0.0
135,5,knn,uncalibrated,Adelie,Adelie,1.0,True,1.0,0.0,0.0
136,2,knn,uncalibrated,Adelie,Adelie,1.0,True,1.0,0.0,0.0
137,5,knn,uncalibrated,Adelie,Adelie,0.8,True,0.8,0.2,0.0
138,1,knn,uncalibrated,Adelie,Adelie,1.0,True,1.0,0.0,0.0
139,2,knn,uncalibrated,Adelie,Adelie,1.0,True,1.0,0.0,0.0
140,5,knn,uncalibrated,Adelie,Adelie,1.0,True,1.0,0.0,0.0
141,4,knn,uncalibrated,Adelie,Adelie,1.0,True,1.0,0.0,0.0
142,4,knn,uncalibrated,Adelie,Adelie,1.0,True,1.0,0.0,0.0
143,4,knn,uncalibrated,Adelie,Adelie,1.0,True,1.0,0.0,0.0
144,3,knn,uncalibrated,Adelie,Adelie,1.0,True,1.0,0.0,0.0
145,3,knn,uncalibrated,Adelie,Adelie,0.8,True,0.8,0.2,0.0
146,4,knn,uncalibrated,Adelie,Adelie,1.0,True,1.0,0.0,0.0
147,5,knn,uncalibrated,Adelie,Adelie,1.0,True,1.0,0.0,0.0
148,1,knn,uncalibrated,Adelie,Adelie,1.0,True,1.0,0.0,0.0
149,3,knn,uncalibrated,Adelie,Adelie,1.0,True,1.0,0.0,0.0
150,4,knn,uncalibrated,Adelie,Adelie,1.0,True,1.0,0.0,0.0
151,1,knn,uncalibrated,Adelie,Adelie,1.0,True,1.0,0.0,0.0
152,4,knn,uncalibrated,Adelie,Adelie,1.0,True,1.0,0.0,0.0
153,4,knn,uncalibrated,Adelie,Adelie,1.0,True,1.0,0.0,0.0
154,1,knn,uncalibrated,Gentoo,Gentoo,1.0,True,0.0,0.0,1.0
155,2,knn,uncalibrated,Gentoo,Gentoo,1.0,True,0.0,0.0,1.0
156,4,knn,uncalibrated,Gentoo,Gentoo,1.0,True,0.0,0.0,1.0
157,5,knn,uncalibrated,Gentoo,Gentoo,1.0,True,0.0,0.0,1.0
158,2,knn,uncalibrated,Gentoo,Gentoo,1.0,True,0.0,0.0,1.0
159,5,knn,uncalibrated,Gentoo,Gentoo,1.0,True,0.0,0.0,1.0
160,2,knn,uncalibrated,Gentoo,Gentoo,1.0,True,0.0,0.0,1.0
161,2,knn,uncalibrated,Gentoo,Gentoo,1.0,True,0.0,0.0,1.0
162,5,knn,uncalibrated,Gentoo,Gentoo,1.0,True,0.0,0.0,1.0
163,3,knn,uncalibrated,Gentoo,Gentoo,1.0,True,0.0,0.0,1.0
164,1,knn,uncalibrated,Gentoo,Gentoo,1.0,True,0.0,0.0,1.0
165,5,knn,uncalibrated,Gentoo,Gentoo,1.0,True,0.0,0.0,1.0
166,4,knn,uncalibrated,Gentoo,Gentoo,1.0,True,0.0,0.0,1.0
167,4,knn,uncalibrated,Gentoo,Gentoo,1.0,True,0.0,0.0,1.0
168,3,knn,uncalibrated,Gentoo,Gentoo,1.0,True,0.0,0.0,1.0
169,3,knn,uncalibrated,Gentoo,Gentoo,1.0,True,0.0,0.0,1.0
170,5,knn,uncalibrated,Gentoo,Gentoo,1.0,True,0.0,0.0,1.0
171,1,knn,uncalibrated,Gentoo,Gentoo,1.0,True,0.0,0.0,1.0
172,5,knn,uncalibrated,Gentoo,Gentoo,1.0,True,0.0,0.0,1.0
173,5,knn,uncalibrated,Gentoo,Gentoo,1.0,True,0.0,0.0,1.0
174,2,knn,uncalibrated,Gentoo,Gentoo,1.0,True,0.0,0.0,1.0
175,1,knn,uncalibrated,Gentoo,Gentoo,1.0,True,0.0,0.0,1.0
176,1,knn,uncalibrated,Gentoo,Gentoo,1.0,True,0.0,0.0,1.0
177,3,knn,uncalibrated,Gentoo,Gentoo,1.0,True,0.0,0.0,1.0
178,1,knn,uncalibrated,Gentoo,Gentoo,1.0,True,0.0,0.0,1.0
179,3,knn,uncalibrated,Gentoo,Gentoo,1.0,True,0.0,0.0,1.0
180,5,knn,uncalibrated,Gentoo,Gentoo,1.0,True,0.0,0.0,1.0
181,5,knn,uncalibrated,Gentoo,Gentoo,1.0,True,0.0,0.0,1.0
182,1,knn,uncalibrated,Gentoo,Gentoo,1.0,True,0.0,0.0,1.0
183,4,knn,uncalibrated,Gentoo,Gentoo,1.0,True,0.0,0.0,1.0
184,2,knn,uncalibrated,Gentoo,Gentoo,1.0,True,0.0,0.0,1.0
185,2,knn,uncalibrated,Gentoo,Gentoo,1.0,True,0.0,0.0,1.0
186,5,knn,uncalibrated,Gentoo,Gentoo,1.0,True,0.0,0.0,1.0
187,3,knn,uncalibrated,Gentoo,Gentoo,0.8,True,0.0,0.2,0.8
188,3,knn,uncalibrated,Gentoo,Gentoo,1.0,True,0.0,0.0,1.0
189,5,knn,uncalibrated,Gentoo,Gentoo,1.0,True,0.0,0.0,1.0
190,1,knn,uncalibrated,Gentoo,Gentoo,1.0,True,0.0,0.0,1.0
191,5,knn,uncalibrated,Gentoo,Chinstrap,0.6,False,0.2,0.6,0.2
192,5,knn,uncalibrated,Gentoo,Gentoo,1.0,True,0.0,0.0,1.0
193,3,knn,uncalibrated,Gentoo,Gentoo,1.0,True,0.0,0.0,1.0
194,2,knn,uncalibrated,Gentoo,Gentoo,1.0,True,0.0,0.0,1.0
195,4,knn,uncalibrated,Gentoo,Gentoo,1.0,True,0.0,0.0,1.0
196,2,knn,uncalibrated,Gentoo,Gentoo,1.0,True,0.0,0.0,1.0
197,1,knn,uncalibrated,Gentoo,Gentoo,1.0,True,0.0,0.0,1.0
198,3,knn,uncalibrated,Gentoo,Gentoo,1.0,True,0.0,0.0,1.0
199,1,knn,uncalibrated,Gentoo,Gentoo,1.0,True,0.0,0.0,1.0
200,5,knn,uncalibrated,Gentoo,Gentoo,1.0,True,0.0,0.0,1.0
201,2,knn,uncalibrated,Gentoo,Gentoo,1.0,True,0.0,0.0,1.0
202,1,knn,uncalibrated,Gentoo,Gentoo,1.0,True,0.0,0.0,1.0
203,4,knn,uncalibrated,Gentoo,Gentoo,1.0,True,0.0,0.0,1.0
204,2,knn,uncalibrated,Gentoo,Gentoo,1.0,True,0.0,0.0,1.0
205,1,knn,uncalibrated,Gentoo,Gentoo,1.0,True,0.0,0.0,1.0
206,1,knn,uncalibrated,Gentoo,Gentoo,1.0,True,0.0,0.0,1.0
207,1,knn,uncalibrated,Gentoo,Gentoo,1.0,True,0.0,0.0,1.0
208,3,knn,uncalibrated,Gentoo,Gentoo,1.0,True,0.0,0.0,1.0
209,4,knn,uncalibrated,Gentoo,Gentoo,1.0,True,0.0,0.0,1.0
210,5,knn,uncalibrated,Gentoo,Gentoo,1.0,True,0.0,0.0,1.0
211,4,knn,uncalibrated,Gentoo,Gentoo,1.0,True,0.0,0.0,1.0
212,2,knn,uncalibrated,Gentoo,Gentoo,1.0,True,0.0,0.0,1.0
213,4,knn,uncalibrated,Gentoo,Gentoo,1.0,True,0.0,0.0,1.0
214,3,knn,uncalibrated,Gentoo,Gentoo,1.0,True,0.0,0.0,1.0
215,3,knn,uncalibrated,Gentoo,Gentoo,1.0,True,0.0,0.0,1.0
216,4,knn,uncalibrated,Gentoo,Gentoo,1.0,True,0.0,0.0,1.0
217,1,knn,uncalibrated,Gentoo,Gentoo,1.0,True,0.0,0.0,1.0
218,4,knn,uncalibrated,Gentoo,Gentoo,1.0,True,0.0,0.0,1.0
219,3,knn,uncalibrated,Gentoo,Gentoo,1.0,True,0.0,0.0,1.0
220,3,knn,uncalibrated,Gentoo,Gentoo,1.0,True,0.0,0.0,1.0
221,4,knn,uncalibrated,Gentoo,Gentoo,1.0,True,0.0,0.0,1.0
222,4,knn,uncalibrated,Gentoo,Gentoo,1.0,True,0.0,0.0,1.0
223,3,knn,uncalibrated,Gentoo,Gentoo,1.0,True,0.0,0.0,1.0
224,4,knn,uncalibrated,Gentoo,Gentoo,1.0,True,0.0,0.0,1.0
225,1,knn,uncalibrated,Gentoo,Gentoo,1.0,True,0.0,0.0,1.0
226,2,knn,uncalibrated,Gentoo,Gentoo,1.0,True,0.0,0.0,1.0
227,1,knn,uncalibrated,Gentoo,Gentoo,1.0,True,0.0,0.0,1.0
228,4,knn,uncalibrated,Gentoo,Gentoo,1.0,True,0.0,0.0,1.0
229,3,knn,uncalibrated,Gentoo,Gentoo,1.0,True,0.0,0.0,1.0
230,5,knn,uncalibrated,Gentoo,Gentoo,1.0,True,0.0,0.0,1.0
231,3,knn,uncalibrated,Gentoo,Gentoo,1.0,True,0.0,0.0,1.0
232,5,knn,uncalibrated,Gentoo,Gentoo,1.0,True,0.0,0.0,1.0
233,5,knn,uncalibrated,Gentoo,Chinstrap,0.8,False,0.0,0.8,0.2
234,4,knn,uncalibrated,Gentoo,Gentoo,1.0,True,0.0,0.0,1.0
235,1,knn,uncalibrated,Gentoo,Gentoo,1.0,True,0.0,0.0,1.0
236,5,knn,uncalibrated,Gentoo,Gentoo,1.0,True,0.0,0.0,1.0
237,3,knn,uncalibrated,Gentoo,Gentoo,1.0,True,0.0,0.0,1.0
238,2,knn,uncalibrated,Gentoo,Gentoo,1.0,True,0.0,0.0,1.0
239,4,knn,uncalibrated,Gentoo,Gentoo,0.6,True,0.0,0.4,0.6
240,1,knn,uncalibrated,Gentoo,Gentoo,1.0,True,0.0,0.0,1.0
241,4,knn,uncalibrated,Gentoo,Gentoo,1.0,True,0.0,0.0,1.0
242,3,knn,uncalibrated,Gentoo,Gentoo,1.0,True,0.0,0.0,1.0
243,3,knn,uncalibrated,Gentoo,Gentoo,0.8,True,0.0,0.2,0.8
244,1,knn,uncalibrated,Gentoo,Gentoo,1.0,True,0.0,0.0,1.0
245,4,knn,uncalibrated,Gentoo,Gentoo,0.8,True,0.0,0.2,0.8
246,4,knn,uncalibrated,Gentoo,Gentoo,1.0,True,0.0,0.0,1.0
247,2,knn,uncalibrated,Gentoo,Gentoo,1.0,True,0.0,0.0,1.0
248,1,knn,uncalibrated,Gentoo,Gentoo,1.0,True,0.0,0.0,1.0
249,5,knn,uncalibrated,Gentoo,Gentoo,1.0,True,0.0,0.0,1.0
250,4,knn,uncalibrated,Gentoo,Gentoo,1.0,True,0.0,0.0,1.0
251,4,knn,uncalibrated,Gentoo,Gentoo,1.0,True,0.0,0.0,1.0
252,4,knn,uncalibrated,Gentoo,Gentoo,1.0,True,0.0,0.0,1.0
253,5,knn,uncalibrated,Gentoo,Gentoo,1.0,True,0.0,0.0,1.0
254,2,knn,uncalibrated,Gentoo,Gentoo,1.0,True,0.0,0.0,1.0
255,4,knn,uncalibrated,Gentoo,Gentoo,0.8,True,0.0,0.2,0.8
256,2,knn,uncalibrated,Gentoo,Gentoo,1.0,True,0.0,0.0,1.0
257,5,knn,uncalibrated,Gentoo,Gentoo,1.0,True,0.0,0.0,1.0
258,5,knn,uncalibrated,Gentoo,Gentoo,1.0,True,0.0,0.0,1.0
259,1,knn,uncalibrated,Gentoo,Chinstrap,0.6,False,0.0,0.6,0.4
260,3,knn,uncalibrated,Gentoo,Gentoo,1.0,True,0.0,0.0,1.0
261,3,knn,uncalibrated,Gentoo,Gentoo,1.0,True,0.0,0.0,1.0
262,2,knn,uncalibrated,Gentoo,Gentoo,1.0,True,0.0,0.0,1.0
263,2,knn,uncalibrated,Gentoo,Gentoo,1.0,True,0.0,0.0,1.0
264,3,knn,uncalibrated,Gentoo,Gentoo,1.0,True,0.0,0.0,1.0
265,2,knn,uncalibrated,Gentoo,Gentoo,1.0,True,0.0,0.0,1.0
266,4,knn,uncalibrated,Gentoo,Gentoo,1.0,True,0.0,0.0,1.0
267,3,knn,uncalibrated,Gentoo,Gentoo,1.0,True,0.0,0.0,1.0
268,3,knn,uncalibrated,Gentoo,Gentoo,1.0,True,0.0,0.0,1.0
269,2,knn,uncalibrated,Gentoo,Gentoo,1.0,True,0.0,0.0,1.0
270,1,knn,uncalibrated,Gentoo,Gentoo,1.0,True,0.0,0.0,1.0
271,2,knn,uncalibrated,Gentoo,Gentoo,0.8,True,0.0,0.2,0.8
272,2,knn,uncalibrated,Gentoo,Gentoo,1.0,True,0.0,0.0,1.0
273,2,knn,uncalibrated,Gentoo,Adelie,0.4,False,0.4,0.4,0.2
274,1,knn,uncalibrated,Gentoo,Gentoo,1.0,True,0.0,0.0,1.0
275,5,knn,uncalibrated,Gentoo,Gentoo,1.0,True,0.0,0.0,1.0
276,5,knn,uncalibrated,Gentoo,Gentoo,1.0,True,0.0,0.0,1.0
277,1,knn,uncalibrated,Gentoo,Gentoo,1.0,True,0.0,0.0,1.0
278,3,knn,uncalibrated,Chinstrap,Chinstrap,1.0,True,0.0,1.0,0.0
279,1,knn,uncalibrated,Chinstrap,Chinstrap,1.0,True,0.0,1.0,0.0
280,3,knn,uncalibrated,Chinstrap,Chinstrap,1.0,True,0.0,1.0,0.0
281,3,knn,uncalibrated,Chinstrap,Chinstrap,0.6,True,0.4,0.6,0.0
282,3,knn,uncalibrated,Chinstrap,Chinstrap,1.0,True,0.0,1.0,0.0
283,2,knn,uncalibrated,Chinstrap,Chinstrap,0.8,True,0.2,0.8,0.0
284,5,knn,uncalibrated,Chinstrap,Chinstrap,1.0,True,0.0,1.0,0.0
285,3,knn,uncalibrated,Chinstrap,Chinstrap,1.0,True,0.0,1.0,0.0
286,4,knn,uncalibrated,Chinstrap,Chinstrap,1.0,True,0.0,1.0,0.0
287,4,knn,uncalibrated,Chinstrap,Chinstrap,1.0,True,0.0,1.0,0.0
288,4,knn,uncalibrated,Chinstrap,Chinstrap,1.0,True,0.0,1.0,0.0
289,2,knn,uncalibrated,Chinstrap,Chinstrap,1.0,True,0.0,1.0,0.0
290,1,knn,uncalibrated,Chinstrap,Chinstrap,1.0,True,0.0,1.0,0.0
291,4,knn,uncalibrated,Chinstrap,Chinstrap,1.0,True,0.0,1.0,0.0
292,2,knn,uncalibrated,Chinstrap,Chinstrap,0.8,True,0.2,0.8,0.0
293,5,knn,uncalibrated,Chinstrap,Chinstrap,1.0,True,0.0,1.0,0.0
294,3,knn,uncalibrated,Chinstrap,Chinstrap,1.0,True,0.0,1.0,0.0
295,1,knn,uncalibrated,Chinstrap,Gentoo,0.6,False,0.0,0.4,0.6
296,3,knn,uncalibrated,Chinstrap,Chinstrap,0.8,True,0.2,0.8,0.0
297,1,knn,uncalibrated,Chinstrap,Chinstrap,1.0,True,0.0,1.0,0.0
298,3,knn,uncalibrated,Chinstrap,Adelie,0.6,False,0.6,0.2,0.2
299,2,knn,uncalibrated,Chinstrap,Chinstrap,1.0,True,0.0,1.0,0.0
300,2,knn,uncalibrated,Chinstrap,Chinstrap,0.8,True,0.0,0.8,0.2
301,5,knn,uncalibrated,Chinstrap,Chinstrap,1.0,True,0.0,1.0,0.0
302,1,knn,uncalibrated,Chinstrap,Chinstrap,1.0,True,0.0,1.0,0.0
303,5,knn,uncalibrated,Chinstrap,Chinstrap,1.0,True,0.0,1.0,0.0
304,1,knn,uncalibrated,Chinstrap,Chinstrap,1.0,True,0.0,1.0,0.0
305,2,knn,uncalibrated,Chinstrap,Chinstrap,1.0,True,0.0,1.0,0.0
306,5,knn,uncalibrated,Chinstrap,Chinstrap,1.0,True,0.0,1.0,0.0
307,1,knn,uncalibrated,Chinstrap,Chinstrap,1.0,True,0.0,1.0,0.0
308,4,knn,uncalibrated,Chinstrap,Adelie,0.8,False,0.8,0.2,0.0
309,5,knn,uncalibrated,Chinstrap,Chinstrap,1.0,True,0.0,1.0,0.0
310,4,knn,uncalibrated,Chinstrap,Chinstrap,0.6,True,0.4,0.6,0.0
311,2,knn,uncalibrated,Chinstrap,Chinstrap,1.0,True,0.0,1.0,0.0
312,2,knn,uncalibrated,Chinstrap,Chinstrap,1.0,True,0.0,1.0,0.0
313,4,knn,uncalibrated,Chinstrap,Chinstrap,0.8,True,0.0,0.8,0.2
314,1,knn,uncalibrated,Chinstrap,Chinstrap,1.0,True,0.0,1.0,0.0
315,5,knn,uncalibrated,Chinstrap,Chinstrap,1.0,True,0.0,1.0,0.0
316,5,knn,uncalibrated,Chinstrap,Chinstrap,0.8,True,0.0,0.8,0.2
317,2,knn,uncalibrated,Chinstrap,Chinstrap,1.0,True,0.0,1.0,0.0
318,4,knn,uncalibrated,Chinstrap,Chinstrap,1.0,True,0.0,1.0,0.0
319,1,knn,uncalibrated,Chinstrap,Chinstrap,1.0,True,0.0,1.0,0.0
320,4,knn,uncalibrated,Chinstrap,Chinstrap,1.0,True,0.0,1.0,0.0
321,2,knn,uncalibrated,Chinstrap,Chinstrap,0.6,True,0.2,0.6,0.2
322,3,knn,uncalibrated,Chinstrap,Chinstrap,0.8,True,0.0,0.8,0.2
323,5,knn,uncalibrated,Chinstrap,Chinstrap,1.0,True,0.0,1.0,0.0
324,4,knn,uncalibrated,Chinstrap,Chinstrap,1.0,True,0.0,1.0,0.0
325,2,knn,uncalibrated,Chinstrap,Chinstrap,1.0,True,0.0,1.0,0.0
326,5,knn,uncalibrated,Chinstrap,Chinstrap,1.0,True,0.0,1.0,0.0
327,3,knn,uncalibrated,Chinstrap,Chinstrap,0.8,True,0.0,0.8,0.2
328,5,knn,uncalibrated,Chinstrap,Gentoo,0.6,False,0.0,0.4,0.6
329,3,knn,uncalibrated,Chinstrap,Chinstrap,1.0,True,0.0,1.0,0.0
330,3,knn,uncalibrated,Chinstrap,Chinstrap,1.0,True,0.0,1.0,0.0
331,3,knn,uncalibrated,Chinstrap,Chinstrap,1.0,True,0.0,1.0,0.0
332,1,knn,uncalibrated,Chinstrap,Adelie,0.6,False,0.6,0.4,0.0
333,4,knn,uncalibrated,Chinstrap,Chinstrap,1.0,True,0.0,1.0,0.0
334,1,knn,uncalibrated,Chinstrap,Chinstrap,0.8,True,0.0,0.8,0.2
335,4,knn,uncalibrated,Chinstrap,Chinstrap,1.0,True,0.0,1.0,0.0
336,5,knn,uncalibrated,Chinstrap,Chinstrap,1.0,True,0.0,1.0,0.0
337,3,knn,uncalibrated,Chinstrap,Adelie,0.8,False,0.8,0.2,0.0
338,5,knn,uncalibrated,Chinstrap,Chinstrap,1.0,True,0.0,1.0,0.0
339,4,knn,uncalibrated,Chinstrap,Chinstrap,0.6,True,0.0,0.6,0.4
340,2,knn,uncalibrated,Chinstrap,Chinstrap,0.8,True,0.2,0.8,0.0
341,2,knn,uncalibrated,Chinstrap,Chinstrap,1.0,True,0.0,1.0,0.0
342,1,knn,uncalibrated,Chinstrap,Adelie,1.0,False,1.0,0.0,0.0
343,4,knn,uncalibrated,Chinstrap,Chinstrap,1.0,True,0.0,1.0,0.0
344,2,knn,uncalibrated,Chinstrap,Chinstrap,1.0,True,0.0,1.0,0.0
345,1,knn,uncalibrated,Chinstrap,Chinstrap,1.0,True,0.0,1.0,0.0
2,3,logistic_regression,sigmoid,Adelie,Adelie,0.940722,True,0.940722,0.057052,0.002226
3,5,logistic_regression,sigmoid,Adelie,Adelie,0.937401,True,0.937401,0.046002,0.016597
4,4,logistic_regression,sigmoid,Adelie,Adelie,0.928316,True,0.928316,0.061636,0.010048
5,3,logistic_regression,sigmoid,Adelie,Adelie,0.599485,True,0.599485,0.223,0.177515
6,5,logistic_regression,sigmoid,Adelie,Adelie,0.934259,True,0.934259,0.065512,0.00023
7,5,logistic_regression,sigmoid,Adelie,Adelie,0.78338,True,0.78338,0.216558,6.2e-05
8,1,logistic_regression,sigmoid,Adelie,Adelie,0.951914,True,0.951914,0.042277,0.005809
9,1,logistic_regression,sigmoid,Adelie,Adelie,0.871577,True,0.871577,0.128162,0.000261
10,1,logistic_regression,sigmoid,Adelie,Adelie,0.984954,True,0.984954,0.014521,0.000526
11,1,logistic_regression,sigmoid,Adelie,Adelie,0.7209,True,0.7209,0.278864,0.000236
12,5,logistic_regression,sigmoid,Adelie,Adelie,0.962028,True,0.962028,0.023788,0.014184
13,5,logistic_regression,sigmoid,Adelie,Adelie,0.963398,True,0.963398,0.026589,0.010013
14,4,logistic_regression,sigmoid,Adelie,Adelie,0.906656,True,0.906656,0.064957,0.028387
15,1,logistic_regression,sigmoid,Adelie,Adelie,0.75827,True,0.75827,0.241718,1.2e-05
16,3,logistic_regression,sigmoid,Adelie,Adelie,0.944722,True,0.944722,0.055268,1e-05
17,1,logistic_regression,sigmoid,Adelie,Adelie,0.974802,True,0.974802,0.022859,0.002339
18,3,logistic_regression,sigmoid,Adelie,Adelie,0.939566,True,0.939566,0.059249,0.001185
19,1,logistic_regression,sigmoid,Adelie,Adelie,0.659998,True,0.659998,0.33989,0.000111
20,5,logistic_regression,sigmoid,Adelie,Adelie,0.978058,True,0.978058,0.021497,0.000445
21,4,logistic_regression,sigmoid,Adelie,Adelie,0.516217,True,0.516217,0.483655,0.000127
22,4,logistic_regression,sigmoid,Adelie,Adelie,0.963153,True,0.963153,0.034369,0.002479
23,2,logistic_regression,sigmoid,Adelie,Adelie,0.945001,True,0.945001,0.054002,0.000998
24,2,logistic_regression,sigmoid,Adelie,Adelie,0.953075,True,0.953075,0.046701,0.000224
25,3,logistic_regression,sigmoid,Adelie,Adelie,0.964073,True,0.964073,0.031442,0.004484
26,2,logistic_regression,sigmoid,Adelie,Adelie,0.950727,True,0.950727,0.028424,0.020849
27,5,logistic_regression,sigmoid,Adelie,Adelie,0.963107,True,0.963107,0.036623,0.00027
28,2,logistic_regression,sigmoid,Adelie,Adelie,0.88645,True,0.88645,0.110262,0.003288
29,3,logistic_regression,sigmoid,Adelie,Adelie,0.925158,True,0.925158,0.060654,0.014188
30,4,logistic_regression,sigmoid,Adelie,Adelie,0.954528,True,0.954528,0.043926,0.001547
31,2,logistic_regression,sigmoid,Adelie,Adelie,0.871399,True,0.871399,0.126763,0.001837
32,3,logistic_regression,sigmoid,Adelie,Adelie,0.897167,True,0.897167,0.025121,0.077712
33,1,logistic_regression,sigmoid,Adelie,Adelie,0.965905,True,0.965905,0.032344,0.001751
34,1,logistic_regression,sigmoid,Adelie,Adelie,0.942557,True,0.942557,0.050023,0.00742
35,2,logistic_regression,sigmoid,Adelie,Adelie,0.858038,True,0.858038,0.139853,0.00211
36,3,logistic_regression,sigmoid,Adelie,Adelie,0.975168,True,0.975168,0.009783,0.015049
37,1,logistic_regression,sigmoid,Adelie,Adelie,0.745197,True,0.745197,0.254786,1.7e-05
38,5,logistic_regression,sigmoid,Adelie,Adelie,0.84784,True,0.84784,0.152014,0.000146
39,4,logistic_regression,sigmoid,Adelie,Adelie,0.838243,True,0.838243,0.153396,0.008361
40,2,logistic_regression,sigmoid,Adelie,Adelie,0.921378,True,0.921378,0.078286,0.000337
41,1,logistic_regression,sigmoid,Adelie,Adelie,0.887113,True,0.887113,0.112083,0.000804
42,5,logistic_regression,sigmoid,Adelie,Adelie,0.969592,True,0.969592,0.028543,0.001864
43,5,logistic_regression,sigmoid,Adelie,Adelie,0.888126,True,0.888126,0.107252,0.004622
44,1,logistic_regression,sigmoid,Adelie,Adelie,0.968803,True,0.968803,0.03065,0.000548
45,2,logistic_regression,sigmoid,Adelie,Adelie,0.655832,True,0.655832,0.342755,0.001414
46,2,logistic_regression,sigmoid,Adelie,Adelie,0.968397,True,0.968397,0.013771,0.017832
47,5,logistic_regression,sigmoid,Adelie,Adelie,0.900994,True,0.900994,0.097529,0.001478
48,4,logistic_regression,sigmoid,Adelie,Adelie,0.854698,True,0.854698,0.143048,0.002254
49,1,logistic_regression,sigmoid,Adelie,Adelie,0.942109,True,0.942109,0.057408,0.000483
50,1,logistic_regression,sigmoid,Adelie,Adelie,0.977599,True,0.977599,0.020846,0.001555
51,5,logistic_regression,sigmoid,Adelie,Adelie,0.63617,True,0.63617,0.363772,5.8e-05
52,4,logistic_regression,sigmoid,Adelie,Adelie,0.946924,True,0.946924,0.040036,0.013039
53,3,logistic_regression,sigmoid,Adelie,Adelie,0.912818,True,0.912818,0.084972,0.00221
54,5,logistic_regression,sigmoid,Adelie,Adelie,0.980354,True,0.980354,0.018374,0.001273
55,3,logistic_regression,sigmoid,Adelie,Adelie,0.815393,True,0.815393,0.183157,0.00145
56,4,logistic_regression,sigmoid,Adelie,Adelie,0.988011,True,0.988011,0.010867,0.001122
57,4,logistic_regression,sigmoid,Adelie,Adelie,0.869465,True,0.869465,0.125384,0.005151
58,1,logistic_regression,sigmoid,Adelie,Adelie,0.953184,True,0.953184,0.036484,0.010332
59,1,logistic_regression,sigmoid,Adelie,Adelie,0.882471,True,0.882471,0.115651,0.001878
60,3,logistic_regression,sigmoid,Adelie,Adelie,0.961976,True,0.961976,0.008102,0.029922
61,4,logistic_regression,sigmoid,Adelie,Adelie,0.942046,True,0.942046,0.057352,0.000602
62,1,logistic_regression,sigmoid,Adelie,Adelie,0.982125,True,0.982125,0.010068,0.007808
63,2,logistic_regression,sigmoid,Adelie,Adelie,0.661032,True,0.661032,0.338925,4.3e-05
64,2,logistic_regression,sigmoid,Adelie,Adelie,0.963813,True,0.963813,0.017453,0.018734
65,3,logistic_regression,sigmoid,Adelie,Adelie,0.904965,True,0.904965,0.084582,0.010453
66,4,logistic_regression,sigmoid,Adelie,Adelie,0.979423,True,0.979423,0.009294,0.011284
67,1,logistic_regression,sigmoid,Adelie,Adelie,0.883283,True,0.883283,0.104084,0.012633
68,1,logistic_regression,sigmoid,Adelie,Adelie,0.970131,True,0.970131,0.006026,0.023844
69,4,logistic_regression,sigmoid,Adelie,Adelie,0.847135,True,0.847135,0.150981,0.001884
70,2,logistic_regression,sigmoid,Adelie,Adelie,0.97162,True,0.97162,0.008386,0.019994
71,5,logistic_regression,sigmoid,Adelie,Adelie,0.793201,True,0.793201,0.205679,0.00112
72,5,logistic_regression,sigmoid,Adelie,Adelie,0.975006,True,0.975006,0.024874,0.00012
73,2,logistic_regression,sigmoid,Adelie,Adelie,0.919834,True,0.919834,0.076745,0.003421
74,4,logistic_regression,sigmoid,Adelie,Adelie,0.940249,True,0.940249,0.028799,0.030952
75,4,logistic_regression,sigmoid,Adelie,Chinstrap,0.499395,False,0.484037,0.499395,0.016568
76,3,logistic_regression,sigmoid,Adelie,Adelie,0.985355,True,0.985355,0.009763,0.004882
77,2,logistic_regression,sigmoid,Adelie,Adelie,0.796891,True,0.796891,0.193986,0.009123
78,5,logistic_regression,sigmoid,Adelie,Adelie,0.839678,True,0.839678,0.061238,0.099084
79,4,logistic_regression,sigmoid,Adelie,Adelie,0.936565,True,0.936565,0.063116,0.000318
80,3,logistic_regression,sigmoid,Adelie,Adelie,0.934692,True,0.934692,0.005551,0.059758
81,3,logistic_regression,sigmoid,Adelie,Adelie,0.834415,True,0.834415,0.162567,0.003018
82,3,logistic_regression,sigmoid,Adelie,Adelie,0.987798,True,0.987798,0.006278,0.005923
83,2,logistic_regression,sigmoid,Adelie,Adelie,0.78442,True,0.78442,0.155812,0.059767
84,1,logistic_regression,sigmoid,Adelie,Adelie,0.955348,True,0.955348,0.044228,0.000424
85,4,logistic_regression,sigmoid,Adelie,Adelie,0.965737,True,0.965737,0.034103,0.00016
86,4,logistic_regression,sigmoid,Adelie,Adelie,0.97466,True,0.97466,0.020514,0.004826
87,2,logistic_regression,sigmoid,Adelie,Adelie,0.725536,True,0.725536,0.274279,0.000184
88,2,logistic_regression,sigmoid,Adelie,Adelie,0.936065,True,0.936065,0.063783,0.000152
89,3,logistic_regression,sigmoid,Adelie,Adelie,0.971045,True,0.971045,0.027684,0.001271
90,3,logistic_regression,sigmoid,Adelie,Adelie,0.940712,True,0.940712,0.058541,0.000747
91,2,logistic_regression,sigmoid,Adelie,Adelie,0.919347,True,0.919347,0.079386,0.001267
92,4,logistic_regression,sigmoid,Adelie,Adelie,0.983468,True,0.983468,0.014538,0.001995
93,1,logistic_regression,sigmoid,Adelie,Adelie,0.898362,True,0.898362,0.093255,0.008383
94,2,logistic_regression,sigmoid,Adelie,Adelie,0.988809,True,0.988809,0.006876,0.004315
95,3,logistic_regression,sigmoid,Adelie,Adelie,0.943636,True,0.943636,0.049116,0.007249
96,5,logistic_regression,sigmoid,Adelie,Adelie,0.977207,True,0.977207,0.017339,0.005454
97,5,logistic_regression,sigmoid,Adelie,Adelie,0.862851,True,0.862851,0.135244,0.001906
98,3,logistic_regression,sigmoid,Adelie,Adelie,0.958179,True,0.958179,0.039931,0.00189
99,5,logistic_regression,sigmoid,Adelie,Adelie,0.897785,True,0.897785,0.099009,0.003206
100,5,logistic_regression,sigmoid,Adelie,Adelie,0.982939,True,0.982939,0.003823,0.013238
101,3,logistic_regression,sigmoid,Adelie,Adelie,0.795316,True,0.795316,0.191125,0.013559
102,1,logistic_regression,sigmoid,Adelie,Adelie,0.982864,True,0.982864,0.016082,0.001054
103,1,logistic_regression,sigmoid,Adelie,Adelie,0.778503,True,0.778503,0.221256,0.00024
104,5,logistic_regression,sigmoid,Adelie,Adelie,0.893833,True,0.893833,0.012937,0.093229
105,5,logistic_regression,sigmoid,Adelie,Adelie,0.875756,True,0.875756,0.124139,0.000105
106,1,logistic_regression,sigmoid,Adelie,Adelie,0.946255,True,0.946255,0.052791,0.000954
107,1,logistic_regression,sigmoid,Adelie,Adelie,0.900778,True,0.900778,0.098111,0.001111
108,2,logistic_regression,sigmoid,Adelie,Adelie,0.95402,True,0.95402,0.026689,0.01929
109,3,logistic_regression,sigmoid,Adelie,Adelie,0.913418,True,0.913418,0.086389,0.000193
110,5,logistic_regression,sigmoid,Adelie,Adelie,0.956363,True,0.956363,0.024583,0.019055
111,1,logistic_regression,sigmoid,Adelie,Adelie,0.760688,True,0.760688,0.235706,0.003605
112,5,logistic_regression,sigmoid,Adelie,Adelie,0.934771,True,0.934771,0.019015,0.046214
113,4,logistic_regression,sigmoid,Adelie,Adelie,0.53493,True,0.53493,0.464129,0.000941
114,1,logistic_regression,sigmoid,Adelie,Adelie,0.940215,True,0.940215,0.050125,0.00966
115,3,logistic_regression,sigmoid,Adelie,Adelie,0.806427,True,0.806427,0.192029,0.001544
116,2,logistic_regression,sigmoid,Adelie,Adelie,0.750909,True,0.750909,0.249039,5.2e-05
117,4,logistic_regression,sigmoid,Adelie,Adelie,0.81746,True,0.81746,0.167504,0.015036
118,2,logistic_regression,sigmoid,Adelie,Adelie,0.948777,True,0.948777,0.023748,0.027475
119,4,logistic_regression,sigmoid,Adelie,Adelie,0.866196,True,0.866196,0.133754,5e-05
120,2,logistic_regression,sigmoid,Adelie,Adelie,0.98044,True,0.98044,0.010186,0.009374
121,4,logistic_regression,sigmoid,Adelie,Adelie,0.880912,True,0.880912,0.114462,0.004626
122,2,logistic_regression,sigmoid,Adelie,Adelie,0.978794,True,0.978794,0.013264,0.007942
123,5,logistic_regression,sigmoid,Adelie,Adelie,0.890588,True,0.890588,0.10927,0.000141
124,3,logistic_regression,sigmoid,Adelie,Adelie,0.900013,True,0.900013,0.03788,0.062106
125,2,logistic_regression,sigmoid,Adelie,Adelie,0.864536,True,0.864536,0.130167,0.005297
126,3,logistic_regression,sigmoid,Adelie,Adelie,0.938069,True,0.938069,0.003596,0.058334
127,2,logistic_regression,sigmoid,Adelie,Adelie,0.861323,True,0.861323,0.137092,0.001585
128,2,logistic_regression,sigmoid,Adelie,Adelie,0.95366,True,0.95366,0.036099,0.010241
129,3,logistic_regression,sigmoid,Adelie,Adelie,0.889117,True,0.889117,0.100732,0.010151
130,2,logistic_regression,sigmoid,Adelie,Adelie,0.944414,True,0.944414,0.028626,0.02696
131,3,logistic_regression,sigmoid,Adelie,Adelie,0.685255,True,0.685255,0.259503,0.055242
132,1,logistic_regression,sigmoid,Adelie,Adelie,0.955611,True,0.955611,0.040245,0.004145
133,2,logistic_regression,sigmoid,Adelie,Adelie,0.73904,True,0.73904,0.258366,0.002594
134,5,logistic_regression,sigmoid,Adelie,Adelie,0.957467,True,0.957467,0.041633,0.000899
135,5,logistic_regression,sigmoid,Adelie,Adelie,0.949321,True,0.949321,0.049521,0.001158
136,2,logistic_regression,sigmoid,Adelie,Adelie,0.962763,True,0.962763,0.029343,0.007894
137,5,logistic_regression,sigmoid,Adelie,Adelie,0.890282,True,0.890282,0.081779,0.027938
138,1,logistic_regression,sigmoid,Adelie,Adelie,0.982847,True,0.982847,0.014491,0.002663
139,2,logistic_regression,sigmoid,Adelie,Adelie,0.78413,True,0.78413,0.215682,0.000188
140,5,logistic_regression,sigmoid,Adelie,Adelie,0.957048,True,0.957048,0.013572,0.02938
141,4,logistic_regression,sigmoid,Adelie,Adelie,0.94315,True,0.94315,0.04728,0.00957
142,4,logistic_regression,sigmoid,Adelie,Adelie,0.918904,True,0.918904,0.033953,0.047143
143,4,logistic_regression,sigmoid,Adelie,Adelie,0.910687,True,0.910687,0.042331,0.046982
144,3,logistic_regression,sigmoid,Adelie,Adelie,0.958434,True,0.958434,0.001139,0.040427
145,3,logistic_regression,sigmoid,Adelie,Adelie,0.875421,True,0.875421,0.047109,0.07747
146,4,logistic_regression,sigmoid,Adelie,Adelie,0.964637,True,0.964637,0.009919,0.025444
147,5,logistic_regression,sigmoid,Adelie,Adelie,0.918466,True,0.918466,0.080119,0.001415
148,1,logistic_regression,sigmoid,Adelie,Adelie,0.92525,True,0.92525,0.073179,0.001571
149,3,logistic_regression,sigmoid,Adelie,Adelie,0.975802,True,0.975802,0.022598,0.0016
150,4,logistic_regression,sigmoid,Adelie,Adelie,0.983173,True,0.983173,0.013747,0.00308
151,1,logistic_regression,sigmoid,Adelie,Adelie,0.959983,True,0.959983,0.037805,0.002212
152,4,logistic_regression,sigmoid,Adelie,Adelie,0.981976,True,0.981976,0.00821,0.009813
153,4,logistic_regression,sigmoid,Adelie,Adelie,0.871009,True,0.871009,0.122578,0.006413
154,1,logistic_regression,sigmoid,Gentoo,Gentoo,0.98597,True,0.001116,0.012914,0.98597
155,2,logistic_regression,sigmoid,Gentoo,Gentoo,0.754096,True,0.003123,0.242781,0.754096
156,4,logistic_regression,sigmoid,Gentoo,Gentoo,0.957637,True,0.000721,0.041641,0.957637
157,5,logistic_regression,sigmoid,Gentoo,Gentoo,0.868578,True,0.00062,0.130801,0.868578
158,2,logistic_regression,sigmoid,Gentoo,Gentoo,0.952315,True,0.001785,0.0459,0.952315
159,5,logistic_regression,sigmoid,Gentoo,Gentoo,0.977741,True,0.000651,0.021608,0.977741
160,2,logistic_regression,sigmoid,Gentoo,Gentoo,0.963359,True,0.007983,0.028658,0.963359
161,2,logistic_regression,sigmoid,Gentoo,Gentoo,0.926899,True,0.008338,0.064764,0.926899
162,5,logistic_regression,sigmoid,Gentoo,Gentoo,0.98651,True,0.004121,0.00937,0.98651
163,3,logistic_regression,sigmoid,Gentoo,Gentoo,0.89498,True,0.005946,0.099074,0.89498
164,1,logistic_regression,sigmoid,Gentoo,Gentoo,0.946906,True,0.048418,0.004676,0.946906
165,5,logistic_regression,sigmoid,Gentoo,Gentoo,0.8079,True,0.00388,0.18822,0.8079
166,4,logistic_regression,sigmoid,Gentoo,Gentoo,0.984062,True,0.003788,0.01215,0.984062
167,4,logistic_regression,sigmoid,Gentoo,Gentoo,0.943852,True,0.001473,0.054676,0.943852
168,3,logistic_regression,sigmoid,Gentoo,Gentoo,0.950615,True,0.003946,0.045439,0.950615
169,3,logistic_regression,sigmoid,Gentoo,Gentoo,0.796547,True,0.001549,0.201904,0.796547
170,5,logistic_regression,sigmoid,Gentoo,Gentoo,0.982277,True,0.010444,0.00728,0.982277
171,1,logistic_regression,sigmoid,Gentoo,Gentoo,0.89618,True,0.00139,0.102429,0.89618
172,5,logistic_regression,sigmoid,Gentoo,Gentoo,0.959762,True,0.002834,0.037404,0.959762
173,5,logistic_regression,sigmoid,Gentoo,Gentoo,0.903729,True,0.001263,0.095009,0.903729
174,2,logistic_regression,sigmoid,Gentoo,Gentoo,0.923755,True,0.000279,0.075965,0.923755
175,1,logistic_regression,sigmoid,Gentoo,Gentoo,0.966691,True,0.009025,0.024284,0.966691
176,1,logistic_regression,sigmoid,Gentoo,Gentoo,0.962127,True,0.003669,0.034204,0.962127
177,3,logistic_regression,sigmoid,Gentoo,Gentoo,0.865414,True,0.01515,0.119436,0.865414
178,1,logistic_regression,sigmoid,Gentoo,Gentoo,0.987334,True,0.007405,0.005261,0.987334
179,3,logistic_regression,sigmoid,Gentoo,Gentoo,0.925699,True,0.006335,0.067966,0.925699
180,5,logistic_regression,sigmoid,Gentoo,Gentoo,0.971582,True,0.006324,0.022094,0.971582
181,5,logistic_regression,sigmoid,Gentoo,Gentoo,0.924215,True,0.001975,0.073811,0.924215
182,1,logistic_regression,sigmoid,Gentoo,Gentoo,0.953504,True,0.000983,0.045513,0.953504
183,4,logistic_regression,sigmoid,Gentoo,Gentoo,0.864746,True,0.00103,0.134225,0.864746
184,2,logistic_regression,sigmoid,Gentoo,Gentoo,0.920389,True,0.005633,0.073978,0.920389
185,2,logistic_regression,sigmoid,Gentoo,Gentoo,0.963877,True,0.024542,0.011581,0.963877
186,5,logistic_regression,sigmoid,Gentoo,Gentoo,0.965323,True,0.005659,0.029018,0.965323
187,3,logistic_regression,sigmoid,Gentoo,Gentoo,0.507921,True,7e-06,0.492071,0.507921
188,3,logistic_regression,sigmoid,Gentoo,Gentoo,0.875755,True,0.000572,0.123672,0.875755
189,5,logistic_regression,sigmoid,Gentoo,Gentoo,0.789403,True,0.007917,0.20268,0.789403
190,1,logistic_regression,sigmoid,Gentoo,Gentoo,0.975335,True,0.017344,0.007321,0.975335
191,5,logistic_regression,sigmoid,Gentoo,Adelie,0.493468,False,0.493468,0.289012,0.21752
192,5,logistic_regression,sigmoid,Gentoo,Gentoo,0.983988,True,0.003462,0.01255,0.983988
193,3,logistic_regression,sigmoid,Gentoo,Gentoo,0.81732,True,0.002366,0.180314,0.81732
194,2,logistic_regression,sigmoid,Gentoo,Gentoo,0.977491,True,0.014246,0.008263,0.977491
195,4,logistic_regression,sigmoid,Gentoo,Gentoo,0.801867,True,0.002822,0.195311,0.801867
196,2,logistic_regression,sigmoid,Gentoo,Gentoo,0.98135,True,0.002898,0.015752,0.98135
197,1,logistic_regression,sigmoid,Gentoo,Gentoo,0.900292,True,0.000854,0.098854,0.900292
198,3,logistic_regression,sigmoid,Gentoo,Gentoo,0.730419,True,0.000854,0.268727,0.730419
199,1,logistic_regression,sigmoid,Gentoo,Gentoo,0.977434,True,0.011677,0.01089,0.977434
200,5,logistic_regression,sigmoid,Gentoo,Gentoo,0.976293,True,0.002015,0.021692,0.976293
201,2,logistic_regression,sigmoid,Gentoo,Gentoo,0.792709,True,0.001377,0.205915,0.792709
202,1,logistic_regression,sigmoid,Gentoo,Gentoo,0.987236,True,0.002646,0.010117,0.987236
203,4,logistic_regression,sigmoid,Gentoo,Gentoo,0.881328,True,0.051591,0.067081,0.881328
204,2,logistic_regression,sigmoid,Gentoo,Gentoo,0.968047,True,0.00234,0.029613,0.968047
205,1,logistic_regression,sigmoid,Gentoo,Gentoo,0.956283,True,0.000651,0.043066,0.956283
206,1,logistic_regression,sigmoid,Gentoo,Gentoo,0.969368,True,0.00803,0.022602,0.969368
207,1,logistic_regression,sigmoid,Gentoo,Gentoo,0.888959,True,0.000614,0.110427,0.888959
208,3,logistic_regression,sigmoid,Gentoo,Gentoo,0.948887,True,0.001923,0.049189,0.948887
209,4,logistic_regression,sigmoid,Gentoo,Gentoo,0.922717,True,0.035016,0.042268,0.922717
210,5,logistic_regression,sigmoid,Gentoo,Gentoo,0.979781,True,0.005782,0.014437,0.979781
211,4,logistic_regression,sigmoid,Gentoo,Gentoo,0.951076,True,0.015501,0.033423,0.951076
212,2,logistic_regression,sigmoid,Gentoo,Gentoo,0.956426,True,0.027898,0.015676,0.956426
213,4,logistic_regression,sigmoid,Gentoo,Gentoo,0.852076,True,0.000782,0.147142,0.852076
214,3,logistic_regression,sigmoid,Gentoo,Gentoo,0.973681,True,0.001931,0.024389,0.973681
215,3,logistic_regression,sigmoid,Gentoo,Gentoo,0.934226,True,0.004515,0.06126,0.934226
216,4,logistic_regression,sigmoid,Gentoo,Gentoo,0.98094,True,0.00411,0.01495,0.98094
217,1,logistic_regression,sigmoid,Gentoo,Gentoo,0.687776,True,7.5e-05,0.312149,0.687776
218,4,logistic_regression,sigmoid,Gentoo,Gentoo,0.975435,True,0.005293,0.019273,0.975435
219,3,logistic_regression,sigmoid,Gentoo,Gentoo,0.61281,True,0.004833,0.382357,0.61281
220,3,logistic_regression,sigmoid,Gentoo,Gentoo,0.952527,True,0.002339,0.045135,0.952527
221,4,logistic_regression,sigmoid,Gentoo,Gentoo,0.775935,True,0.003783,0.220281,0.775935
222,4,logistic_regression,sigmoid,Gentoo,Gentoo,0.967043,True,0.02317,0.009787,0.967043
223,3,logistic_regression,sigmoid,Gentoo,Gentoo,0.805353,True,0.000247,0.1944,0.805353
224,4,logistic_regression,sigmoid,Gentoo,Gentoo,0.935833,True,0.003575,0.060592,0.935833
225,1,logistic_regression,sigmoid,Gentoo,Gentoo,0.908654,True,0.015001,0.076345,0.908654
226,2,logistic_regression,sigmoid,Gentoo,Gentoo,0.883718,True,0.004516,0.111766,0.883718
227,1,logistic_regression,sigmoid,Gentoo,Gentoo,0.952648,True,0.00519,0.042162,0.952648
228,4,logistic_regression,sigmoid,Gentoo,Gentoo,0.948826,True,0.008518,0.042656,0.948826
229,3,logistic_regression,sigmoid,Gentoo,Gentoo,0.78563,True,0.003814,0.210556,0.78563
230,5,logistic_regression,sigmoid,Gentoo,Gentoo,0.957135,True,0.000855,0.04201,0.957135
231,3,logistic_regression,sigmoid,Gentoo,Gentoo,0.663006,True,0.000926,0.336068,0.663006
232,5,logistic_regression,sigmoid,Gentoo,Gentoo,0.978898,True,0.002133,0.018969,0.978898
233,5,logistic_regression,sigmoid,Gentoo,Gentoo,0.735577,True,0.098591,0.165831,0.735577
234,4,logistic_regression,sigmoid,Gentoo,Gentoo,0.937313,True,0.000836,0.061851,0.937313
235,1,logistic_regression,sigmoid,Gentoo,Gentoo,0.762069,True,0.000232,0.2377,0.762069
236,5,logistic_regression,sigmoid,Gentoo,Gentoo,0.945965,True,0.001517,0.052518,0.945965
237,3,logistic_regression,sigmoid,Gentoo,Gentoo,0.749117,True,0.001219,0.249664,0.749117
238,2,logistic_regression,sigmoid,Gentoo,Gentoo,0.980678,True,0.004168,0.015153,0.980678
239,4,logistic_regression,sigmoid,Gentoo,Gentoo,0.508191,True,0.005154,0.486655,0.508191
240,1,logistic_regression,sigmoid,Gentoo,Gentoo,0.961425,True,0.02369,0.014884,0.961425
241,4,logistic_regression,sigmoid,Gentoo,Gentoo,0.908167,True,0.000143,0.09169,0.908167
242,3,logistic_regression,sigmoid,Gentoo,Gentoo,0.947108,True,0.000604,0.052288,0.947108
243,3,logistic_regression,sigmoid,Gentoo,Gentoo,0.545432,True,0.001143,0.453425,0.545432
244,1,logistic_regression,sigmoid,Gentoo,Gentoo,0.935337,True,0.003406,0.061258,0.935337
245,4,logistic_regression,sigmoid,Gentoo,Gentoo,0.549105,True,0.001391,0.449505,0.549105
246,4,logistic_regression,sigmoid,Gentoo,Gentoo,0.968882,True,0.008878,0.022241,0.968882
247,2,logistic_regression,sigmoid,Gentoo,Gentoo,0.796812,True,0.00346,0.199729,0.796812
248,1,logistic_regression,sigmoid,Gentoo,Gentoo,0.958727,True,0.016872,0.024402,0.958727
249,5,logistic_regression,sigmoid,Gentoo,Gentoo,0.803655,True,0.000684,0.195662,0.803655
250,4,logistic_regression,sigmoid,Gentoo,Gentoo,0.83337,True,0.002624,0.164006,0.83337
251,4,logistic_regression,sigmoid,Gentoo,Gentoo,0.960196,True,0.003957,0.035847,0.960196
252,4,logistic_regression,sigmoid,Gentoo,Gentoo,0.951446,True,0.001197,0.047357,0.951446
253,5,logistic_regression,sigmoid,Gentoo,Gentoo,0.698444,True,0.001542,0.300014,0.698444
254,2,logistic_regression,sigmoid,Gentoo,Gentoo,0.919276,True,0.001812,0.078912,0.919276
255,4,logistic_regression,sigmoid,Gentoo,Gentoo,0.529138,True,9.1e-05,0.47077,0.529138
256,2,logistic_regression,sigmoid,Gentoo,Gentoo,0.90793,True,0.007747,0.084322,0.90793
257,5,logistic_regression,sigmoid,Gentoo,Gentoo,0.901808,True,0.000861,0.097332,0.901808
258,5,logistic_regression,sigmoid,Gentoo,Gentoo,0.968001,True,0.000582,0.031418,0.968001
259,1,logistic_regression,sigmoid,Gentoo,Gentoo,0.848812,True,0.022741,0.128447,0.848812
260,3,logistic_regression,sigmoid,Gentoo,Gentoo,0.919229,True,0.065449,0.015322,0.919229
261,3,logistic_regression,sigmoid,Gentoo,Gentoo,0.636264,True,9.9e-05,0.363636,0.636264
262,2,logistic_regression,sigmoid,Gentoo,Gentoo,0.97432,True,0.014151,0.011529,0.97432
263,2,logistic_regression,sigmoid,Gentoo,Gentoo,0.920427,True,0.002633,0.07694,0.920427
264,3,logistic_regression,sigmoid,Gentoo,Gentoo,0.79686,True,0.000361,0.202779,0.79686
265,2,logistic_regression,sigmoid,Gentoo,Gentoo,0.81371,True,0.002212,0.184078,0.81371
266,4,logistic_regression,sigmoid,Gentoo,Gentoo,0.903441,True,0.073049,0.02351,0.903441
267,3,logistic_regression,sigmoid,Gentoo,Gentoo,0.650707,True,0.000695,0.348598,0.650707
268,3,logistic_regression,sigmoid,Gentoo,Gentoo,0.960535,True,0.001589,0.037876,0.960535
269,2,logistic_regression,sigmoid,Gentoo,Gentoo,0.637895,True,7.2e-05,0.362033,0.637895
270,1,logistic_regression,sigmoid,Gentoo,Gentoo,0.874997,True,0.065125,0.059877,0.874997
271,2,logistic_regression,sigmoid,Gentoo,Gentoo,0.79949,True,0.00642,0.194091,0.79949
272,2,logistic_regression,sigmoid,Gentoo,Gentoo,0.973852,True,0.000902,0.025245,0.973852
273,2,logistic_regression,sigmoid,Gentoo,Adelie,0.478473,False,0.478473,0.294135,0.227391
274,1,logistic_regression,sigmoid,Gentoo,Gentoo,0.965433,True,0.002413,0.032155,0.965433
275,5,logistic_regression,sigmoid,Gentoo,Gentoo,0.81555,True,0.000891,0.183559,0.81555
276,5,logistic_regression,sigmoid,Gentoo,Gentoo,0.955532,True,0.007957,0.036512,0.955532
277,1,logistic_regression,sigmoid,Gentoo,Gentoo,0.793942,True,0.002425,0.203633,0.793942
278,3,logistic_regression,sigmoid,Chinstrap,Chinstrap,0.565247,True,0.264271,0.565247,0.170482
279,1,logistic_regression,sigmoid,Chinstrap,Chinstrap,0.837951,True,0.136219,0.837951,0.02583
280,3,logistic_regression,sigmoid,Chinstrap,Chinstrap,0.889377,True,0.04567,0.889377,0.064953
281,3,logistic_regression,sigmoid,Chinstrap,Adelie,0.575273,False,0.575273,0.402004,0.022722
282,3,logistic_regression,sigmoid,Chinstrap,Chinstrap,0.923004,True,0.038599,0.923004,0.038397
283,2,logistic_regression,sigmoid,Chinstrap,Adelie,0.494094,False,0.494094,0.38853,0.117376
284,5,logistic_regression,sigmoid,Chinstrap,Chinstrap,0.519738,True,0.407196,0.519738,0.073067
285,3,logistic_regression,sigmoid,Chinstrap,Chinstrap,0.738009,True,0.012265,0.738009,0.249726
286,4,logistic_regression,sigmoid,Chinstrap,Chinstrap,0.525297,True,0.456677,0.525297,0.018026
287,4,logistic_regression,sigmoid,Chinstrap,Chinstrap,0.917903,True,0.062672,0.917903,0.019425
288,4,logistic_regression,sigmoid,Chinstrap,Chinstrap,0.561626,True,0.232004,0.561626,0.20637
289,2,logistic_regression,sigmoid,Chinstrap,Chinstrap,0.873608,True,0.116153,0.873608,0.010238
290,1,logistic_regression,sigmoid,Chinstrap,Gentoo,0.452753,False,0.120092,0.427155,0.452753
291,4,logistic_regression,sigmoid,Chinstrap,Chinstrap,0.689037,True,0.005617,0.689037,0.305347
292,2,logistic_regression,sigmoid,Chinstrap,Gentoo,0.463744,False,0.200139,0.336117,0.463744
293,5,logistic_regression,sigmoid,Chinstrap,Chinstrap,0.847837,True,0.128107,0.847837,0.024056
294,3,logistic_regression,sigmoid,Chinstrap,Chinstrap,0.80757,True,0.180413,0.80757,0.012017
295,1,logistic_regression,sigmoid,Chinstrap,Gentoo,0.500519,False,6.6e-05,0.499415,0.500519
296,3,logistic_regression,sigmoid,Chinstrap,Chinstrap,0.542513,True,0.415349,0.542513,0.042138
297,1,logistic_regression,sigmoid,Chinstrap,Chinstrap,0.735506,True,0.066789,0.735506,0.197704
298,3,logistic_regression,sigmoid,Chinstrap,Adelie,0.788218,False,0.788218,0.11259,0.099193
299,2,logistic_regression,sigmoid,Chinstrap,Chinstrap,0.53882,True,0.050783,0.53882,0.410398
300,2,logistic_regression,sigmoid,Chinstrap,Adelie,0.473995,False,0.473995,0.114685,0.41132
301,5,logistic_regression,sigmoid,Chinstrap,Chinstrap,0.863401,True,0.101067,0.863401,0.035532
302,1,logistic_regression,sigmoid,Chinstrap,Chinstrap,0.55622,True,0.270225,0.55622,0.173555
303,5,logistic_regression,sigmoid,Chinstrap,Chinstrap,0.868309,True,0.027991,0.868309,0.1037
304,1,logistic_regression,sigmoid,Chinstrap,Chinstrap,0.773462,True,0.032497,0.773462,0.194041
305,2,logistic_regression,sigmoid,Chinstrap,Chinstrap,0.827203,True,0.123173,0.827203,0.049624
306,5,logistic_regression,sigmoid,Chinstrap,Chinstrap,0.540086,True,0.279831,0.540086,0.180083
307,1,logistic_regression,sigmoid,Chinstrap,Chinstrap,0.924251,True,0.045238,0.924251,0.030511
308,4,logistic_regression,sigmoid,Chinstrap,Adelie,0.814068,False,0.814068,0.033901,0.15203
309,5,logistic_regression,sigmoid,Chinstrap,Chinstrap,0.923949,True,0.063533,0.923949,0.012518
310,4,logistic_regression,sigmoid,Chinstrap,Adelie,0.650584,False,0.650584,0.076151,0.273265
311,2,logistic_regression,sigmoid,Chinstrap,Chinstrap,0.852583,True,0.03979,0.852583,0.107628
312,2,logistic_regression,sigmoid,Chinstrap,Chinstrap,0.817189,True,0.075799,0.817189,0.107012
313,4,logistic_regression,sigmoid,Chinstrap,Gentoo,0.672874,False,0.0377,0.289426,0.672874
314,1,logistic_regression,sigmoid,Chinstrap,Chinstrap,0.678172,True,0.212405,0.678172,0.109423
315,5,logistic_regression,sigmoid,Chinstrap,Chinstrap,0.829659,True,0.164171,0.829659,0.00617
316,5,logistic_regression,sigmoid,Chinstrap,Gentoo,0.724252,False,0.039257,0.236491,0.724252
317,2,logistic_regression,sigmoid,Chinstrap,Chinstrap,0.93309,True,0.027888,0.93309,0.039022
318,4,logistic_regression,sigmoid,Chinstrap,Chinstrap,0.816669,True,0.165779,0.816669,0.017552
319,1,logistic_regression,sigmoid,Chinstrap,Chinstrap,0.442429,True,0.261675,0.442429,0.295896
320,4,logistic_regression,sigmoid,Chinstrap,Chinstrap,0.896252,True,0.038229,0.896252,0.065519
321,2,logistic_regression,sigmoid,Chinstrap,Gentoo,0.481439,False,0.228409,0.290152,0.481439
322,3,logistic_regression,sigmoid,Chinstrap,Chinstrap,0.66842,True,0.010688,0.66842,0.320892
323,5,logistic_regression,sigmoid,Chinstrap,Chinstrap,0.80537,True,0.033272,0.80537,0.161358
324,4,logistic_regression,sigmoid,Chinstrap,Chinstrap,0.677639,True,0.019003,0.677639,0.303358
325,2,logistic_regression,sigmoid,Chinstrap,Chinstrap,0.746713,True,0.240376,0.746713,0.01291
326,5,logistic_regression,sigmoid,Chinstrap,Chinstrap,0.831686,True,0.026657,0.831686,0.141657
327,3,logistic_regression,sigmoid,Chinstrap,Chinstrap,0.508579,True,0.010236,0.508579,0.481185
328,5,logistic_regression,sigmoid,Chinstrap,Gentoo,0.774875,False,0.011478,0.213646,0.774875
329,3,logistic_regression,sigmoid,Chinstrap,Chinstrap,0.876053,True,0.033527,0.876053,0.09042
330,3,logistic_regression,sigmoid,Chinstrap,Chinstrap,0.399996,True,0.240453,0.399996,0.359551
331,3,logistic_regression,sigmoid,Chinstrap,Chinstrap,0.863597,True,0.112769,0.863597,0.023634
332,1,logistic_regression,sigmoid,Chinstrap,Adelie,0.805769,False,0.805769,0.114936,0.079294
333,4,logistic_regression,sigmoid,Chinstrap,Chinstrap,0.845932,True,0.011354,0.845932,0.142714
334,1,logistic_regression,sigmoid,Chinstrap,Gentoo,0.655963,False,0.162727,0.181309,0.655963
335,4,logistic_regression,sigmoid,Chinstrap,Chinstrap,0.806911,True,0.183786,0.806911,0.009304
336,5,logistic_regression,sigmoid,Chinstrap,Chinstrap,0.842562,True,0.069757,0.842562,0.087681
337,3,logistic_regression,sigmoid,Chinstrap,Adelie,0.589847,False,0.589847,0.404229,0.005924
338,5,logistic_regression,sigmoid,Chinstrap,Chinstrap,0.90015,True,0.053672,0.90015,0.046177
339,4,logistic_regression,sigmoid,Chinstrap,Gentoo,0.762231,False,0.042748,0.19502,0.762231
340,2,logistic_regression,sigmoid,Chinstrap,Gentoo,0.499334,False,0.200982,0.299684,0.499334
341,2,logistic_regression,sigmoid,Chinstrap,Chinstrap,0.901882,True,0.005838,0.901882,0.09228
342,1,logistic_regression,sigmoid,Chinstrap,Adelie,0.76759,False,0.76759,0.206624,0.025785
343,4,logistic_regression,sigmoid,Chinstrap,Chinstrap,0.766562,True,0.039094,0.766562,0.194344
344,2,logistic_regression,sigmoid,Chinstrap,Chinstrap,0.870168,True,0.056085,0.870168,0.073747
345,1,logistic_regression,sigmoid,Chinstrap,Chinstrap,0.828241,True,0.056757,0.828241,0.115003
2,3,logistic_regression,uncalibrated,Adelie,Adelie,0.986945,True,0.986945,0.01291,0.000145
3,5,logistic_regression,uncalibrated,Adelie,Adelie,0.94773,True,0.94773,0.048761,0.003509
4,4,logistic_regression,uncalibrated,Adelie,Adelie,0.949082,True,0.949082,0.048274,0.002644
5,3,logistic_regression,uncalibrated,Adelie,Chinstrap,0.507453,False,0.351175,0.507453,0.141372
6,5,logistic_regression,uncalibrated,Adelie,Adelie,0.998364,True,0.998364,0.001635,1e-06
7,5,logistic_regression,uncalibrated,Adelie,Adelie,0.995854,True,0.995854,0.004146,0.0
8,1,logistic_regression,uncalibrated,Adelie,Adelie,0.979199,True,0.979199,0.020028,0.000773
9,1,logistic_regression,uncalibrated,Adelie,Adelie,0.991832,True,0.991832,0.008159,9e-06
10,1,logistic_regression,uncalibrated,Adelie,Adelie,0.99948,True,0.99948,0.000515,5e-06
11,1,logistic_regression,uncalibrated,Adelie,Adelie,0.958482,True,0.958482,0.041495,2.3e-05
12,5,logistic_regression,uncalibrated,Adelie,Adelie,0.979954,True,0.979954,0.018231,0.001815
13,5,logistic_regression,uncalibrated,Adelie,Adelie,0.983196,True,0.983196,0.015774,0.001029
14,4,logistic_regression,uncalibrated,Adelie,Adelie,0.887609,True,0.887609,0.099151,0.01324
15,1,logistic_regression,uncalibrated,Adelie,Adelie,0.998055,True,0.998055,0.001945,0.0
16,3,logistic_regression,uncalibrated,Adelie,Adelie,0.999933,True,0.999933,6.7e-05,0.0
17,1,logistic_regression,uncalibrated,Adelie,Adelie,0.996079,True,0.996079,0.003822,9.8e-05
18,3,logistic_regression,uncalibrated,Adelie,Adelie,0.992369,True,0.992369,0.007585,4.6e-05
19,1,logistic_regression,uncalibrated,Adelie,Adelie,0.956455,True,0.956455,0.043536,1e-05
20,5,logistic_regression,uncalibrated,Adelie,Adelie,0.999402,True,0.999402,0.000596,2e-06
21,4,logistic_regression,uncalibrated,Adelie,Chinstrap,0.509665,False,0.490297,0.509665,3.8e-05
22,4,logistic_regression,uncalibrated,Adelie,Adelie,0.993482,True,0.993482,0.006368,0.000149
23,2,logistic_regression,uncalibrated,Adelie,Adelie,0.994004,True,0.994004,0.005961,3.5e-05
24,2,logistic_regression,uncalibrated,Adelie,Adelie,0.998781,True,0.998781,0.001217,2e-06
25,3,logistic_regression,uncalibrated,Adelie,Adelie,0.989062,True,0.989062,0.010604,0.000334
26,2,logistic_regression,uncalibrated,Adelie,Adelie,0.964008,True,0.964008,0.031428,0.004565
27,5,logistic_regression,uncalibrated,Adelie,Adelie,0.999206,True,0.999206,0.000793,1e-06
28,2,logistic_regression,uncalibrated,Adelie,Adelie,0.950897,True,0.950897,0.048561,0.000542
29,3,logistic_regression,uncalibrated,Adelie,Adelie,0.930588,True,0.930588,0.065475,0.003938
30,4,logistic_regression,uncalibrated,Adelie,Adelie,0.993827,True,0.993827,0.006094,7.8e-05
31,2,logistic_regression,uncalibrated,Adelie,Adelie,0.96162,True,0.96162,0.038151,0.000229
32,3,logistic_regression,uncalibrated,Adelie,Adelie,0.884221,True,0.884221,0.076096,0.039683
33,1,logistic_regression,uncalibrated,Adelie,Adelie,0.995028,True,0.995028,0.004895,7.7e-05
34,1,logistic_regression,uncalibrated,Adelie,Adelie,0.968049,True,0.968049,0.030637,0.001314
35,2,logistic_regression,uncalibrated,Adelie,Adelie,0.949482,True,0.949482,0.050199,0.000319
36,3,logistic_regression,uncalibrated,Adelie,Adelie,0.99204,True,0.99204,0.006601,0.001359
37,1,logistic_regression,uncalibrated,Adelie,Adelie,0.9968,True,0.9968,0.0032,0.0
38,5,logistic_regression,uncalibrated,Adelie,Adelie,0.995511,True,0.995511,0.004488,1e-06
39,4,logistic_regression,uncalibrated,Adelie,Adelie,0.842606,True,0.842606,0.153759,0.003635
40,2,logistic_regression,uncalibrated,Adelie,Adelie,0.99612,True,0.99612,0.003874,7e-06
41,1,logistic_regression,uncalibrated,Adelie,Adelie,0.982824,True,0.982824,0.017118,5.8e-05
42,5,logistic_regression,uncalibrated,Adelie,Adelie,0.996266,True,0.996266,0.003691,4.3e-05
43,5,logistic_regression,uncalibrated,Adelie,Adelie,0.939837,True,0.939837,0.059507,0.000656
44,1,logistic_regression,uncalibrated,Adelie,Adelie,0.998395,True,0.998395,0.001596,9e-06
45,2,logistic_regression,uncalibrated,Adelie,Adelie,0.754494,True,0.754494,0.245011,0.000495
46,2,logistic_regression,uncalibrated,Adelie,Adelie,0.987243,True,0.987243,0.010592,0.002165
47,5,logistic_regression,uncalibrated,Adelie,Adelie,0.980672,True,0.980672,0.019255,7.3e-05
48,4,logistic_regression,uncalibrated,Adelie,Adelie,0.940184,True,0.940184,0.05936,0.000456
49,1,logistic_regression,uncalibrated,Adelie,Adelie,0.996297,True,0.996297,0.003691,1.2e-05
50,1,logistic_regression,uncalibrated,Adelie,Adelie,0.997632,True,0.997632,0.002324,4.4e-05
51,5,logistic_regression,uncalibrated,Adelie,Adelie,0.976764,True,0.976764,0.023235,1e-06
52,4,logistic_regression,uncalibrated,Adelie,Adelie,0.964829,True,0.964829,0.032133,0.003038
53,3,logistic_regression,uncalibrated,Adelie,Adelie,0.976737,True,0.976737,0.023064,0.000199
54,5,logistic_regression,uncalibrated,Adelie,Adelie,0.998651,True,0.998651,0.001335,1.5e-05
55,3,logistic_regression,uncalibrated,Adelie,Adelie,0.942375,True,0.942375,0.057427,0.000198
56,4,logistic_regression,uncalibrated,Adelie,Adelie,0.999456,True,0.999456,0.000531,1.4e-05
57,4,logistic_regression,uncalibrated,Adelie,Adelie,0.912762,True,0.912762,0.085705,0.001532
58,1,logistic_regression,uncalibrated,Adelie,Adelie,0.97234,True,0.97234,0.025817,0.001843
59,1,logistic_regression,uncalibrated,Adelie,Adelie,0.963492,True,0.963492,0.036251,0.000258
60,3,logistic_regression,uncalibrated,Adelie,Adelie,0.985975,True,0.985975,0.009706,0.004318
61,4,logistic_regression,uncalibrated,Adelie,Adelie,0.996039,True,0.996039,0.003943,1.8e-05
62,1,logistic_regression,uncalibrated,Adelie,Adelie,0.996048,True,0.996048,0.003493,0.00046
63,2,logistic_regression,uncalibrated,Adelie,Adelie,0.981618,True,0.981618,0.01838,1e-06
64,2,logistic_regression,uncalibrated,Adelie,Adelie,0.981957,True,0.981957,0.01526,0.002783
65,3,logistic_regression,uncalibrated,Adelie,Adelie,0.917319,True,0.917319,0.079769,0.002912
66,4,logistic_regression,uncalibrated,Adelie,Adelie,0.995676,True,0.995676,0.003494,0.00083
67,1,logistic_regression,uncalibrated,Adelie,Adelie,0.881826,True,0.881826,0.113439,0.004735
68,1,logistic_regression,uncalibrated,Adelie,Adelie,0.992936,True,0.992936,0.00467,0.002394
69,4,logistic_regression,uncalibrated,Adelie,Adelie,0.942512,True,0.942512,0.05713,0.000358
70,2,logistic_regression,uncalibrated,Adelie,Adelie,0.992362,True,0.992362,0.005791,0.001846
71,5,logistic_regression,uncalibrated,Adelie,Adelie,0.940988,True,0.940988,0.058918,9.4e-05
72,5,logistic_regression,uncalibrated,Adelie,Adelie,0.999802,True,0.999802,0.000198,0.0
73,2,logistic_regression,uncalibrated,Adelie,Adelie,0.970276,True,0.970276,0.029295,0.000429
74,4,logistic_regression,uncalibrated,Adelie,Adelie,0.950993,True,0.950993,0.038831,0.010176
75,4,logistic_regression,uncalibrated,Adelie,Chinstrap,0.712071,False,0.277471,0.712071,0.010458
76,3,logistic_regression,uncalibrated,Adelie,Adelie,0.99756,True,0.99756,0.002276,0.000164
77,2,logistic_regression,uncalibrated,Adelie,Adelie,0.788583,True,0.788583,0.207496,0.00392
78,5,logistic_regression,uncalibrated,Adelie,Adelie,0.771626,True,0.771626,0.171751,0.056623
79,4,logistic_regression,uncalibrated,Adelie,Adelie,0.997436,True,0.997436,0.002558,6e-06
80,3,logistic_regression,uncalibrated,Adelie,Adelie,0.975948,True,0.975948,0.011403,0.012648
81,3,logistic_regression,uncalibrated,Adelie,Adelie,0.916729,True,0.916729,0.082656,0.000615
82,3,logistic_regression,uncalibrated,Adelie,Adelie,0.99836,True,0.99836,0.001472,0.000168
83,2,logistic_regression,uncalibrated,Adelie,Adelie,0.6478,True,0.6478,0.314925,0.037274
84,1,logistic_regression,uncalibrated,Adelie,Adelie,0.997793,True,0.997793,0.002199,8e-06
85,4,logistic_regression,uncalibrated,Adelie,Adelie,0.9995,True,0.9995,0.000499,1e-06
86,4,logistic_regression,uncalibrated,Adelie,Adelie,0.99438,True,0.99438,0.005292,0.000328
87,2,logistic_regression,uncalibrated,Adelie,Adelie,0.970564,True,0.970564,0.029424,1.2e-05
88,2,logistic_regression,uncalibrated,Adelie,Adelie,0.998645,True,0.998645,0.001354,1e-06
89,3,logistic_regression,uncalibrated,Adelie,Adelie,0.997254,True,0.997254,0.002717,2.9e-05
90,3,logistic_regression,uncalibrated,Adelie,Adelie,0.99517,True,0.99517,0.004811,1.9e-05
91,2,logistic_regression,uncalibrated,Adelie,Adelie,0.986739,True,0.986739,0.013185,7.6e-05
92,4,logistic_regression,uncalibrated,Adelie,Adelie,0.998543,True,0.998543,0.001407,5e-05
93,1,logistic_regression,uncalibrated,Adelie,Adelie,0.920297,True,0.920297,0.077283,0.00242
94,2,logistic_regression,uncalibrated,Adelie,Adelie,0.998801,True,0.998801,0.001103,9.7e-05
95,3,logistic_regression,uncalibrated,Adelie,Adelie,0.969243,True,0.969243,0.029658,0.001099
96,5,logistic_regression,uncalibrated,Adelie,Adelie,0.994786,True,0.994786,0.004971,0.000243
97,5,logistic_regression,uncalibrated,Adelie,Adelie,0.957947,True,0.957947,0.041892,0.000161
98,3,logistic_regression,uncalibrated,Adelie,Adelie,0.993271,True,0.993271,0.006649,8e-05
99,5,logistic_regression,uncalibrated,Adelie,Adelie,0.960457,True,0.960457,0.039224,0.00032
100,5,logistic_regression,uncalibrated,Adelie,Adelie,0.998291,True,0.998291,0.001266,0.000443
101,3,logistic_regression,uncalibrated,Adelie,Adelie,0.746643,True,0.746643,0.246847,0.00651
102,1,logistic_regression,uncalibrated,Adelie,Adelie,0.998858,True,0.998858,0.001124,1.8e-05
103,1,logistic_regression,uncalibrated,Adelie,Adelie,0.976823,True,0.976823,0.023161,1.6e-05
104,5,logistic_regression,uncalibrated,Adelie,Adelie,0.92763,True,0.92763,0.036217,0.036153
105,5,logistic_regression,uncalibrated,Adelie,Adelie,0.99783,True,0.99783,0.00217,0.0
106,1,logistic_regression,uncalibrated,Adelie,Adelie,0.994015,True,0.994015,0.005946,3.9e-05
107,1,logistic_regression,uncalibrated,Adelie,Adelie,0.981884,True,0.981884,0.018027,9e-05
108,2,logistic_regression,uncalibrated,Adelie,Adelie,0.968782,True,0.968782,0.02736,0.003858
109,3,logistic_regression,uncalibrated,Adelie,Adelie,0.997623,True,0.997623,0.002374,2e-06
110,5,logistic_regression,uncalibrated,Adelie,Adelie,0.972604,True,0.972604,0.024247,0.003149
111,1,logistic_regression,uncalibrated,Adelie,Adelie,0.818535,True,0.818535,0.180105,0.00136
112,5,logistic_regression,uncalibrated,Adelie,Adelie,0.952768,True,0.952768,0.034391,0.012841
113,4,logistic_regression,uncalibrated,Adelie,Chinstrap,0.553528,False,0.446013,0.553528,0.000459
114,1,logistic_regression,uncalibrated,Adelie,Adelie,0.960533,True,0.960533,0.037436,0.00203
115,3,logistic_regression,uncalibrated,Adelie,Adelie,0.933674,True,0.933674,0.066093,0.000233
116,2,logistic_regression,uncalibrated,Adelie,Adelie,0.993016,True,0.993016,0.006983,1e-06
117,4,logistic_regression,uncalibrated,Adelie,Adelie,0.767316,True,0.767316,0.224326,0.008359
118,2,logistic_regression,uncalibrated,Adelie,Adelie,0.962845,True,0.962845,0.030673,0.006482
119,4,logistic_regression,uncalibrated,Adelie,Adelie,0.998232,True,0.998232,0.001768,0.0
120,2,logistic_regression,uncalibrated,Adelie,Adelie,0.9955,True,0.9955,0.003955,0.000545
121,4,logistic_regression,uncalibrated,Adelie,Adelie,0.929708,True,0.929708,0.069091,0.001201
122,2,logistic_regression,uncalibrated,Adelie,Adelie,0.994488,True,0.994488,0.005015,0.000497
123,5,logistic_regression,uncalibrated,Adelie,Adelie,0.99766,True,0.99766,0.002339,1e-06
124,3,logistic_regression,uncalibrated,Adelie,Adelie,0.868548,True,0.868548,0.099569,0.031882
125,2,logistic_regression,uncalibrated,Adelie,Adelie,0.910913,True,0.910913,0.087739,0.001349
126,3,logistic_regression,uncalibrated,Adelie,Adelie,0.984433,True,0.984433,0.006372,0.009195
127,2,logistic_regression,uncalibrated,Adelie,Adelie,0.961229,True,0.961229,0.038579,0.000192
128,2,logistic_regression,uncalibrated,Adelie,Adelie,0.973446,True,0.973446,0.024941,0.001613
129,3,logistic_regression,uncalibrated,Adelie,Adelie,0.899416,True,0.899416,0.0975,0.003084
130,2,logistic_regression,uncalibrated,Adelie,Adelie,0.954845,True,0.954845,0.038166,0.006989
131,3,logistic_regression,uncalibrated,Adelie,Adelie,0.490923,True,0.490923,0.473304,0.035774
132,1,logistic_regression,uncalibrated,Adelie,Adelie,0.985433,True,0.985433,0.01415,0.000417
133,2,logistic_regression,uncalibrated,Adelie,Adelie,0.822974,True,0.822974,0.176182,0.000845
134,5,logistic_regression,uncalibrated,Adelie,Adelie,0.996812,True,0.996812,0.003174,1.4e-05
135,5,logistic_regression,uncalibrated,Adelie,Adelie,0.994698,True,0.994698,0.005276,2.6e-05
136,2,logistic_regression,uncalibrated,Adelie,Adelie,0.983859,True,0.983859,0.015251,0.00089
137,5,logistic_regression,uncalibrated,Adelie,Adelie,0.858115,True,0.858115,0.131626,0.010259
138,1,logistic_regression,uncalibrated,Adelie,Adelie,0.99768,True,0.99768,0.002233,8.7e-05
139,2,logistic_regression,uncalibrated,Adelie,Adelie,0.984703,True,0.984703,0.015289,8e-06
140,5,logistic_regression,uncalibrated,Adelie,Adelie,0.979301,True,0.979301,0.015853,0.004846
141,4,logistic_regression,uncalibrated,Adelie,Adelie,0.96591,True,0.96591,0.032055,0.002034
142,4,logistic_regression,uncalibrated,Adelie,Adelie,0.916603,True,0.916603,0.062235,0.021162
143,4,logistic_regression,uncalibrated,Adelie,Adelie,0.897117,True,0.897117,0.079879,0.023003
144,3,logistic_regression,uncalibrated,Adelie,Adelie,0.997263,True,0.997263,0.000869,0.001868
145,3,logistic_regression,uncalibrated,Adelie,Adelie,0.817459,True,0.817459,0.136291,0.04625
146,4,logistic_regression,uncalibrated,Adelie,Adelie,0.988324,True,0.988324,0.007906,0.00377
147,5,logistic_regression,uncalibrated,Adelie,Adelie,0.986476,True,0.986476,0.013468,5.7e-05
148,1,logistic_regression,uncalibrated,Adelie,Adelie,0.984707,True,0.984707,0.015168,0.000125
149,3,logistic_regression,uncalibrated,Adelie,Adelie,0.997419,True,0.997419,0.002543,3.8e-05
150,4,logistic_regression,uncalibrated,Adelie,Adelie,0.997967,True,0.997967,0.001928,0.000106
151,1,logistic_regression,uncalibrated,Adelie,Adelie,0.992315,True,0.992315,0.007553,0.000132
152,4,logistic_regression,uncalibrated,Adelie,Adelie,0.996853,True,0.996853,0.002561,0.000586
153,4,logistic_regression,uncalibrated,Adelie,Adelie,0.902468,True,0.902468,0.09542,0.002112
154,1,logistic_regression,uncalibrated,Gentoo,Gentoo,0.99923,True,1.1e-05,0.000759,0.99923
155,2,logistic_regression,uncalibrated,Gentoo,Gentoo,0.822832,True,0.001013,0.176155,0.822832
156,4,logistic_regression,uncalibrated,Gentoo,Gentoo,0.997086,True,1.7e-05,0.002898,0.997086
157,5,logistic_regression,uncalibrated,Gentoo,Gentoo,0.980601,True,3.5e-05,0.019364,0.980601
158,2,logistic_regression,uncalibrated,Gentoo,Gentoo,0.991975,True,8.6e-05,0.007939,0.991975
159,5,logistic_regression,uncalibrated,Gentoo,Gentoo,0.998965,True,7e-06,0.001028,0.998965
160,2,logistic_regression,uncalibrated,Gentoo,Gentoo,0.985893,True,0.00075,0.013358,0.985893
161,2,logistic_regression,uncalibrated,Gentoo,Gentoo,0.954536,True,0.00148,0.043984,0.954536
162,5,logistic_regression,uncalibrated,Gentoo,Gentoo,0.998418,True,9.4e-05,0.001489,0.998418
163,3,logistic_regression,uncalibrated,Gentoo,Gentoo,0.93373,True,0.00114,0.06513,0.93373
164,1,logistic_regression,uncalibrated,Gentoo,Gentoo,0.990438,True,0.004453,0.005109,0.990438
165,5,logistic_regression,uncalibrated,Gentoo,Gentoo,0.862315,True,0.000997,0.136688,0.862315
166,4,logistic_regression,uncalibrated,Gentoo,Gentoo,0.998162,True,0.000103,0.001735,0.998162
167,4,logistic_regression,uncalibrated,Gentoo,Gentoo,0.991708,True,7.3e-05,0.008218,0.991708
168,3,logistic_regression,uncalibrated,Gentoo,Gentoo,0.982785,True,0.000332,0.016883,0.982785
169,3,logistic_regression,uncalibrated,Gentoo,Gentoo,0.91535,True,0.000288,0.084362,0.91535
170,5,logistic_regression,uncalibrated,Gentoo,Gentoo,0.997266,True,0.000408,0.002326,0.997266
171,1,logistic_regression,uncalibrated,Gentoo,Gentoo,0.976806,True,0.000123,0.023071,0.976806
172,5,logistic_regression,uncalibrated,Gentoo,Gentoo,0.990944,True,0.000153,0.008903,0.990944
173,5,logistic_regression,uncalibrated,Gentoo,Gentoo,0.980067,True,8.6e-05,0.019847,0.980067
174,2,logistic_regression,uncalibrated,Gentoo,Gentoo,0.996367,True,5e-06,0.003628,0.996367
175,1,logistic_regression,uncalibrated,Gentoo,Gentoo,0.987258,True,0.000809,0.011933,0.987258
176,1,logistic_regression,uncalibrated,Gentoo,Gentoo,0.990424,True,0.000229,0.009347,0.990424
177,3,logistic_regression,uncalibrated,Gentoo,Gentoo,0.859562,True,0.004741,0.135697,0.859562
178,1,logistic_regression,uncalibrated,Gentoo,Gentoo,0.998752,True,0.000153,0.001095,0.998752
179,3,logistic_regression,uncalibrated,Gentoo,Gentoo,0.958012,True,0.000956,0.041032,0.958012
180,5,logistic_regression,uncalibrated,Gentoo,Gentoo,0.991638,True,0.000407,0.007955,0.991638
181,5,logistic_regression,uncalibrated,Gentoo,Gentoo,0.980912,True,0.000147,0.018941,0.980912
182,1,logistic_regression,uncalibrated,Gentoo,Gentoo,0.995302,True,2.9e-05,0.004669,0.995302
183,4,logistic_regression,uncalibrated,Gentoo,Gentoo,0.971061,True,9.8e-05,0.028841,0.971061
184,2,logistic_regression,uncalibrated,Gentoo,Gentoo,0.958679,True,0.000884,0.040436,0.958679
185,2,logistic_regression,uncalibrated,Gentoo,Gentoo,0.988754,True,0.002495,0.008751,0.988754
186,5,logistic_regression,uncalibrated,Gentoo,Gentoo,0.988734,True,0.000416,0.01085,0.988734
187,3,logistic_regression,uncalibrated,Gentoo,Gentoo,0.753046,True,1e-06,0.246953,0.753046
188,3,logistic_regression,uncalibrated,Gentoo,Gentoo,0.983145,True,3.3e-05,0.016822,0.983145
189,5,logistic_regression,uncalibrated,Gentoo,Gentoo,0.785388,True,0.002775,0.211836,0.785388
190,1,logistic_regression,uncalibrated,Gentoo,Gentoo,0.995237,True,0.000962,0.003801,0.995237
191,5,logistic_regression,uncalibrated,Gentoo,Chinstrap,0.580097,False,0.294198,0.580097,0.125705
192,5,logistic_regression,uncalibrated,Gentoo,Gentoo,0.997914,True,8.8e-05,0.001999,0.997914
193,3,logistic_regression,uncalibrated,Gentoo,Gentoo,0.909632,True,0.000481,0.089887,0.909632
194,2,logistic_regression,uncalibrated,Gentoo,Gentoo,0.996008,True,0.000738,0.003255,0.996008
195,4,logistic_regression,uncalibrated,Gentoo,Gentoo,0.885469,True,0.000703,0.113828,0.885469
196,2,logistic_regression,uncalibrated,Gentoo,Gentoo,0.9977,True,7.8e-05,0.002222,0.9977
197,1,logistic_regression,uncalibrated,Gentoo,Gentoo,0.985391,True,5.1e-05,0.014558,0.985391
198,3,logistic_regression,uncalibrated,Gentoo,Gentoo,0.894976,True,0.000171,0.104853,0.894976
199,1,logistic_regression,uncalibrated,Gentoo,Gentoo,0.994601,True,0.000657,0.004742,0.994601
200,5,logistic_regression,uncalibrated,Gentoo,Gentoo,0.997083,True,5.3e-05,0.002865,0.997083
201,2,logistic_regression,uncalibrated,Gentoo,Gentoo,0.918405,True,0.000257,0.081339,0.918405
202,1,logistic_regression,uncalibrated,Gentoo,Gentoo,0.998813,True,4.2e-05,0.001145,0.998813
203,4,logistic_regression,uncalibrated,Gentoo,Gentoo,0.867849,True,0.019764,0.112387,0.867849
204,2,logistic_regression,uncalibrated,Gentoo,Gentoo,0.994877,True,9.4e-05,0.00503,0.994877
205,1,logistic_regression,uncalibrated,Gentoo,Gentoo,0.997009,True,1.3e-05,0.002978,0.997009
206,1,logistic_regression,uncalibrated,Gentoo,Gentoo,0.989576,True,0.000624,0.0098,0.989576
207,1,logistic_regression,uncalibrated,Gentoo,Gentoo,0.986624,True,3.3e-05,0.013344,0.986624
208,3,logistic_regression,uncalibrated,Gentoo,Gentoo,0.989173,True,0.000106,0.01072,0.989173
209,4,logistic_regression,uncalibrated,Gentoo,Gentoo,0.935832,True,0.009539,0.054629,0.935832
210,5,logistic_regression,uncalibrated,Gentoo,Gentoo,0.995855,True,0.000247,0.003898,0.995855
211,4,logistic_regression,uncalibrated,Gentoo,Gentoo,0.973609,True,0.002409,0.023982,0.973609
212,2,logistic_regression,uncalibrated,Gentoo,Gentoo,0.981133,True,0.003849,0.015018,0.981133
213,4,logistic_regression,uncalibrated,Gentoo,Gentoo,0.972128,True,6.9e-05,0.027803,0.972128
214,3,logistic_regression,uncalibrated,Gentoo,Gentoo,0.995964,True,6e-05,0.003976,0.995964
215,3,logistic_regression,uncalibrated,Gentoo,Gentoo,0.971341,True,0.000519,0.02814,0.971341
216,4,logistic_regression,uncalibrated,Gentoo,Gentoo,0.997301,True,0.00014,0.002558,0.997301
217,1,logistic_regression,uncalibrated,Gentoo,Gentoo,0.974688,True,5e-06,0.025308,0.974688
218,4,logistic_regression,uncalibrated,Gentoo,Gentoo,0.995071,True,0.000268,0.004662,0.995071
219,3,logistic_regression,uncalibrated,Gentoo,Gentoo,0.586669,True,0.002304,0.411027,0.586669
220,3,logistic_regression,uncalibrated,Gentoo,Gentoo,0.988766,True,0.000138,0.011096,0.988766
221,4,logistic_regression,uncalibrated,Gentoo,Gentoo,0.835749,True,0.001181,0.16307,0.835749
222,4,logistic_regression,uncalibrated,Gentoo,Gentoo,0.992233,True,0.001991,0.005775,0.992233
223,3,logistic_regression,uncalibrated,Gentoo,Gentoo,0.979646,True,1.4e-05,0.02034,0.979646
224,4,logistic_regression,uncalibrated,Gentoo,Gentoo,0.980031,True,0.000355,0.019614,0.980031
225,1,logistic_regression,uncalibrated,Gentoo,Gentoo,0.917031,True,0.004139,0.078831,0.917031
226,2,logistic_regression,uncalibrated,Gentoo,Gentoo,0.935723,True,0.000871,0.063406,0.935723
227,1,logistic_regression,uncalibrated,Gentoo,Gentoo,0.982643,True,0.000498,0.016858,0.982643
228,4,logistic_regression,uncalibrated,Gentoo,Gentoo,0.976798,True,0.001101,0.022101,0.976798
229,3,logistic_regression,uncalibrated,Gentoo,Gentoo,0.848971,True,0.001096,0.149934,0.848971
230,5,logistic_regression,uncalibrated,Gentoo,Gentoo,0.996231,True,2e-05,0.003749,0.996231
231,3,logistic_regression,uncalibrated,Gentoo,Gentoo,0.810583,True,0.000269,0.189148,0.810583
232,5,logistic_regression,uncalibrated,Gentoo,Gentoo,0.997498,True,5.2e-05,0.00245,0.997498
233,5,logistic_regression,uncalibrated,Gentoo,Gentoo,0.594227,True,0.051509,0.354264,0.594227
234,4,logistic_regression,uncalibrated,Gentoo,Gentoo,0.993682,True,3.1e-05,0.006286,0.993682
235,1,logistic_regression,uncalibrated,Gentoo,Gentoo,0.97157,True,1.8e-05,0.028413,0.97157
236,5,logistic_regression,uncalibrated,Gentoo,Gentoo,0.99109,True,6.8e-05,0.008842,0.99109
237,3,logistic_regression,uncalibrated,Gentoo,Gentoo,0.889318,True,0.000261,0.110421,0.889318
238,2,logistic_regression,uncalibrated,Gentoo,Gentoo,0.996973,True,0.000143,0.002884,0.996973
239,4,logistic_regression,uncalibrated,Gentoo,Chinstrap,0.617656,False,0.002543,0.617656,0.379801
240,1,logistic_regression,uncalibrated,Gentoo,Gentoo,0.983953,True,0.002887,0.01316,0.983953
241,4,logistic_regression,uncalibrated,Gentoo,Gentoo,0.997217,True,2e-06,0.00278,0.997217
242,3,logistic_regression,uncalibrated,Gentoo,Gentoo,0.995487,True,1.5e-05,0.004498,0.995487
243,3,logistic_regression,uncalibrated,Gentoo,Gentoo,0.560322,True,0.000515,0.439163,0.560322
244,1,logistic_regression,uncalibrated,Gentoo,Gentoo,0.978702,True,0.000339,0.020958,0.978702
245,4,logistic_regression,uncalibrated,Gentoo,Gentoo,0.513094,True,0.00062,0.486286,0.513094
246,4,logistic_regression,uncalibrated,Gentoo,Gentoo,0.990478,True,0.000721,0.008801,0.990478
247,2,logistic_regression,uncalibrated,Gentoo,Gentoo,0.865867,True,0.000972,0.133161,0.865867
248,1,logistic_regression,uncalibrated,Gentoo,Gentoo,0.978092,True,0.002329,0.01958,0.978092
249,5,logistic_regression,uncalibrated,Gentoo,Gentoo,0.953144,True,6.8e-05,0.046788,0.953144
250,4,logistic_regression,uncalibrated,Gentoo,Gentoo,0.919366,True,0.000533,0.080101,0.919366
251,4,logistic_regression,uncalibrated,Gentoo,Gentoo,0.990275,True,0.000271,0.009454,0.990275
252,4,logistic_regression,uncalibrated,Gentoo,Gentoo,0.994474,True,4.5e-05,0.005481,0.994474
253,5,logistic_regression,uncalibrated,Gentoo,Gentoo,0.798476,True,0.000427,0.201097,0.798476
254,2,logistic_regression,uncalibrated,Gentoo,Gentoo,0.980955,True,0.000146,0.0189,0.980955
255,4,logistic_regression,uncalibrated,Gentoo,Gentoo,0.647178,True,2.4e-05,0.352798,0.647178
256,2,logistic_regression,uncalibrated,Gentoo,Gentoo,0.938223,True,0.001595,0.060182,0.938223
257,5,logistic_regression,uncalibrated,Gentoo,Gentoo,0.98494,True,4.5e-05,0.015015,0.98494
258,5,logistic_regression,uncalibrated,Gentoo,Gentoo,0.998318,True,8e-06,0.001674,0.998318
259,1,logistic_regression,uncalibrated,Gentoo,Gentoo,0.813976,True,0.009481,0.176543,0.813976
260,3,logistic_regression,uncalibrated,Gentoo,Gentoo,0.953497,True,0.014621,0.031883,0.953497
261,3,logistic_regression,uncalibrated,Gentoo,Gentoo,0.935272,True,1.1e-05,0.064717,0.935272
262,2,logistic_regression,uncalibrated,Gentoo,Gentoo,0.993586,True,0.000962,0.005452,0.993586
263,2,logistic_regression,uncalibrated,Gentoo,Gentoo,0.975334,True,0.000266,0.0244,0.975334
264,3,logistic_regression,uncalibrated,Gentoo,Gentoo,0.969853,True,2.8e-05,0.030119,0.969853
265,2,logistic_regression,uncalibrated,Gentoo,Gentoo,0.910165,True,0.000466,0.089369,0.910165
266,4,logistic_regression,uncalibrated,Gentoo,Gentoo,0.93641,True,0.021706,0.041884,0.93641
267,3,logistic_regression,uncalibrated,Gentoo,Gentoo,0.81767,True,0.000192,0.182138,0.81767
268,3,logistic_regression,uncalibrated,Gentoo,Gentoo,0.993626,True,6.2e-05,0.006312,0.993626
269,2,logistic_regression,uncalibrated,Gentoo,Gentoo,0.947826,True,6e-06,0.052168,0.947826
270,1,logistic_regression,uncalibrated,Gentoo,Gentoo,0.847831,True,0.027716,0.124452,0.847831
271,2,logistic_regression,uncalibrated,Gentoo,Gentoo,0.825496,True,0.002208,0.172296,0.825496
272,2,logistic_regression,uncalibrated,Gentoo,Gentoo,0.998304,True,1.5e-05,0.001681,0.998304
273,2,logistic_regression,uncalibrated,Gentoo,Chinstrap,0.549661,False,0.299264,0.549661,0.151074
274,1,logistic_regression,uncalibrated,Gentoo,Gentoo,0.993924,True,0.000104,0.005972,0.993924
275,5,logistic_regression,uncalibrated,Gentoo,Gentoo,0.949762,True,9.8e-05,0.05014,0.949762
276,5,logistic_regression,uncalibrated,Gentoo,Gentoo,0.97923,True,0.000885,0.019886,0.97923
277,1,logistic_regression,uncalibrated,Gentoo,Gentoo,0.888023,True,0.000627,0.11135,0.888023
278,3,logistic_regression,uncalibrated,Chinstrap,Chinstrap,0.781567,True,0.124059,0.781567,0.094374
279,1,logistic_regression,uncalibrated,Chinstrap,Chinstrap,0.949258,True,0.041934,0.949258,0.008808
280,3,logistic_regression,uncalibrated,Chinstrap,Chinstrap,0.97077,True,0.011841,0.97077,0.017389
281,3,logistic_regression,uncalibrated,Chinstrap,Chinstrap,0.586426,True,0.39991,0.586426,0.013664
282,3,logistic_regression,uncalibrated,Chinstrap,Chinstrap,0.986556,True,0.006782,0.986556,0.006663
283,2,logistic_regression,uncalibrated,Chinstrap,Chinstrap,0.642662,True,0.286096,0.642662,0.071241
284,5,logistic_regression,uncalibrated,Chinstrap,Chinstrap,0.751871,True,0.214966,0.751871,0.033164
285,3,logistic_regression,uncalibrated,Chinstrap,Chinstrap,0.888965,True,0.004911,0.888965,0.106124
286,4,logistic_regression,uncalibrated,Chinstrap,Chinstrap,0.741632,True,0.247268,0.741632,0.0111
287,4,logistic_regression,uncalibrated,Chinstrap,Chinstrap,0.988869,True,0.007955,0.988869,0.003176
288,4,logistic_regression,uncalibrated,Chinstrap,Chinstrap,0.779647,True,0.103999,0.779647,0.116354
289,2,logistic_regression,uncalibrated,Chinstrap,Chinstrap,0.979694,True,0.018502,0.979694,0.001804
290,1,logistic_regression,uncalibrated,Chinstrap,Chinstrap,0.651094,True,0.064174,0.651094,0.284732
291,4,logistic_regression,uncalibrated,Chinstrap,Chinstrap,0.879523,True,0.001969,0.879523,0.118508
292,2,logistic_regression,uncalibrated,Chinstrap,Chinstrap,0.594203,True,0.104985,0.594203,0.300812
293,5,logistic_regression,uncalibrated,Chinstrap,Chinstrap,0.963667,True,0.031416,0.963667,0.004917
294,3,logistic_regression,uncalibrated,Chinstrap,Chinstrap,0.950464,True,0.046212,0.950464,0.003324
295,1,logistic_regression,uncalibrated,Chinstrap,Gentoo,0.530221,False,2.1e-05,0.469757,0.530221
296,3,logistic_regression,uncalibrated,Chinstrap,Chinstrap,0.752165,True,0.224039,0.752165,0.023797
297,1,logistic_regression,uncalibrated,Chinstrap,Chinstrap,0.87538,True,0.030619,0.87538,0.094001
298,3,logistic_regression,uncalibrated,Chinstrap,Adelie,0.633035,False,0.633035,0.297369,0.069596
299,2,logistic_regression,uncalibrated,Chinstrap,Chinstrap,0.732338,True,0.025468,0.732338,0.242194
300,2,logistic_regression,uncalibrated,Chinstrap,Chinstrap,0.351762,True,0.319426,0.351762,0.328812
301,5,logistic_regression,uncalibrated,Chinstrap,Chinstrap,0.967057,True,0.025277,0.967057,0.007666
302,1,logistic_regression,uncalibrated,Chinstrap,Chinstrap,0.766799,True,0.136977,0.766799,0.096224
303,5,logistic_regression,uncalibrated,Chinstrap,Chinstrap,0.970113,True,0.006796,0.970113,0.023091
304,1,logistic_regression,uncalibrated,Chinstrap,Chinstrap,0.904065,True,0.013923,0.904065,0.082012
305,2,logistic_regression,uncalibrated,Chinstrap,Chinstrap,0.94311,True,0.039489,0.94311,0.017401
306,5,logistic_regression,uncalibrated,Chinstrap,Chinstrap,0.781678,True,0.133566,0.781678,0.084756
307,1,logistic_regression,uncalibrated,Chinstrap,Chinstrap,0.986676,True,0.007778,0.986676,0.005546
308,4,logistic_regression,uncalibrated,Chinstrap,Adelie,0.776195,False,0.776195,0.111514,0.112292
309,5,logistic_regression,uncalibrated,Chinstrap,Chinstrap,0.993904,True,0.005308,0.993904,0.000788
310,4,logistic_regression,uncalibrated,Chinstrap,Adelie,0.515799,False,0.515799,0.247666,0.236535
311,2,logistic_regression,uncalibrated,Chinstrap,Chinstrap,0.954986,True,0.012077,0.954986,0.032936
312,2,logistic_regression,uncalibrated,Chinstrap,Chinstrap,0.933553,True,0.026612,0.933553,0.039835
313,4,logistic_regression,uncalibrated,Chinstrap,Gentoo,0.544595,False,0.019192,0.436213,0.544595
314,1,logistic_regression,uncalibrated,Chinstrap,Chinstrap,0.84346,True,0.100609,0.84346,0.055931
315,5,logistic_regression,uncalibrated,Chinstrap,Chinstrap,0.975313,True,0.024047,0.975313,0.00064
316,5,logistic_regression,uncalibrated,Chinstrap,Gentoo,0.588133,False,0.019173,0.392694,0.588133
317,2,logistic_regression,uncalibrated,Chinstrap,Chinstrap,0.990622,True,0.004039,0.990622,0.005339
318,4,logistic_regression,uncalibrated,Chinstrap,Chinstrap,0.955196,True,0.039222,0.955196,0.005582
319,1,logistic_regression,uncalibrated,Chinstrap,Chinstrap,0.687356,True,0.137454,0.687356,0.17519
320,4,logistic_regression,uncalibrated,Chinstrap,Chinstrap,0.976814,True,0.007747,0.976814,0.015439
321,2,logistic_regression,uncalibrated,Chinstrap,Chinstrap,0.553734,True,0.122754,0.553734,0.323512
322,3,logistic_regression,uncalibrated,Chinstrap,Chinstrap,0.828368,True,0.004869,0.828368,0.166764
323,5,logistic_regression,uncalibrated,Chinstrap,Chinstrap,0.937537,True,0.01088,0.937537,0.051582
324,4,logistic_regression,uncalibrated,Chinstrap,Chinstrap,0.848599,True,0.0077,0.848599,0.143701
325,2,logistic_regression,uncalibrated,Chinstrap,Chinstrap,0.916471,True,0.078861,0.916471,0.004668
326,5,logistic_regression,uncalibrated,Chinstrap,Chinstrap,0.953257,True,0.007701,0.953257,0.039043
327,3,logistic_regression,uncalibrated,Chinstrap,Chinstrap,0.640524,True,0.005336,0.640524,0.35414
328,5,logistic_regression,uncalibrated,Chinstrap,Gentoo,0.73637,False,0.004548,0.259082,0.73637
329,3,logistic_regression,uncalibrated,Chinstrap,Chinstrap,0.965119,True,0.009322,0.965119,0.025559
330,3,logistic_regression,uncalibrated,Chinstrap,Chinstrap,0.656566,True,0.117978,0.656566,0.225456
331,3,logistic_regression,uncalibrated,Chinstrap,Chinstrap,0.966293,True,0.027453,0.966293,0.006253
332,1,logistic_regression,uncalibrated,Chinstrap,Adelie,0.684966,False,0.684966,0.263098,0.051936
333,4,logistic_regression,uncalibrated,Chinstrap,Chinstrap,0.965726,True,0.00246,0.965726,0.031814
334,1,logistic_regression,uncalibrated,Chinstrap,Gentoo,0.5095,False,0.093453,0.397048,0.5095
335,4,logistic_regression,uncalibrated,Chinstrap,Chinstrap,0.960696,True,0.036749,0.960696,0.002555
336,5,logistic_regression,uncalibrated,Chinstrap,Chinstrap,0.953636,True,0.021401,0.953636,0.024964
337,3,logistic_regression,uncalibrated,Chinstrap,Adelie,0.50389,False,0.50389,0.492994,0.003117
338,5,logistic_regression,uncalibrated,Chinstrap,Chinstrap,0.981316,True,0.010707,0.981316,0.007978
339,4,logistic_regression,uncalibrated,Chinstrap,Gentoo,0.66876,False,0.020855,0.310384,0.66876
340,2,logistic_regression,uncalibrated,Chinstrap,Chinstrap,0.557491,True,0.107059,0.557491,0.33545
341,2,logistic_regression,uncalibrated,Chinstrap,Chinstrap,0.990103,True,0.000729,0.990103,0.009168
342,1,logistic_regression,uncalibrated,Chinstrap,Adelie,0.664721,False,0.664721,0.319967,0.015311
343,4,logistic_regression,uncalibrated,Chinstrap,Chinstrap,0.906817,True,0.013731,0.906817,0.079452
344,2,logistic_regression,uncalibrated,Chinstrap,Chinstrap,0.962635,True,0.015853,0.962635,0.021512
345,1,logistic_regression,uncalibrated,Chinstrap,Chinstrap,0.93419,True,0.021601,0.93419,0.044208
